2026-03-29 09:35:14.173 [notification-service] [main] INFO  c.f.n.NotificationServiceApplication - Starting NotificationServiceApplication v0.0.1-SNAPSHOT using Java 17.0.18 with PID 1 (/app/app.jar started by root in /app)
2026-03-29 09:35:14.189 [notification-service] [main] INFO  c.f.n.NotificationServiceApplication - No active profile set, falling back to 1 default profile: "default"
2026-03-29 09:35:17.606 [notification-service] [main] INFO  o.s.d.r.c.RepositoryConfigurationDelegate - Bootstrapping Spring Data JPA repositories in DEFAULT mode.
2026-03-29 09:35:17.724 [notification-service] [main] INFO  o.s.d.r.c.RepositoryConfigurationDelegate - Finished Spring Data repository scanning in 89 ms. Found 1 JPA repository interface.
2026-03-29 09:35:21.167 [notification-service] [main] INFO  o.s.b.w.e.tomcat.TomcatWebServer - Tomcat initialized with port 8085 (http)
2026-03-29 09:35:21.246 [notification-service] [main] INFO  o.a.catalina.core.StandardService - Starting service [Tomcat]
2026-03-29 09:35:21.254 [notification-service] [main] INFO  o.a.catalina.core.StandardEngine - Starting Servlet engine: [Apache Tomcat/10.1.18]
2026-03-29 09:35:21.712 [notification-service] [main] INFO  o.a.c.c.C.[Tomcat].[localhost].[/] - Initializing Spring embedded WebApplicationContext
2026-03-29 09:35:21.786 [notification-service] [main] INFO  o.s.b.w.s.c.ServletWebServerApplicationContext - Root WebApplicationContext: initialization completed in 7358 ms
2026-03-29 09:35:24.908 [notification-service] [main] INFO  o.h.jpa.internal.util.LogHelper - HHH000204: Processing PersistenceUnitInfo [name: default]
2026-03-29 09:35:25.304 [notification-service] [main] INFO  org.hibernate.Version - HHH000412: Hibernate ORM core version 6.4.1.Final
2026-03-29 09:35:25.432 [notification-service] [main] INFO  o.h.c.i.RegionFactoryInitiator - HHH000026: Second-level cache disabled
2026-03-29 09:35:26.049 [notification-service] [main] INFO  o.s.o.j.p.SpringPersistenceUnitInfo - No LoadTimeWeaver setup: ignoring JPA class transformer
2026-03-29 09:35:26.109 [notification-service] [main] INFO  com.zaxxer.hikari.HikariDataSource - HikariPool-1 - Starting...
2026-03-29 09:35:26.469 [notification-service] [main] INFO  com.zaxxer.hikari.pool.HikariPool - HikariPool-1 - Added connection com.mysql.cj.jdbc.ConnectionImpl@54556723
2026-03-29 09:35:26.476 [notification-service] [main] INFO  com.zaxxer.hikari.HikariDataSource - HikariPool-1 - Start completed.
2026-03-29 09:35:26.561 [notification-service] [main] WARN  org.hibernate.orm.deprecation - HHH90000025: MySQLDialect does not need to be specified explicitly using 'hibernate.dialect' (remove the property setting and it will be selected by default)
2026-03-29 09:35:28.891 [notification-service] [main] INFO  o.h.e.t.j.p.i.JtaPlatformInitiator - HHH000489: No JTA platform available (set 'hibernate.transaction.jta.platform' to enable JTA platform integration)
2026-03-29 09:35:29.053 [notification-service] [main] INFO  o.s.o.j.LocalContainerEntityManagerFactoryBean - Initialized JPA EntityManagerFactory for persistence unit 'default'
2026-03-29 09:35:30.522 [notification-service] [main] WARN  o.s.b.a.o.j.JpaBaseConfiguration$JpaWebConfiguration - spring.jpa.open-in-view is enabled by default. Therefore, database queries may be performed during view rendering. Explicitly configure spring.jpa.open-in-view to disable this warning
2026-03-29 09:35:33.069 [notification-service] [main] INFO  o.s.b.a.e.web.EndpointLinksResolver - Exposing 1 endpoint(s) beneath base path '/actuator'
2026-03-29 09:35:34.711 [notification-service] [main] INFO  o.s.b.w.e.tomcat.TomcatWebServer - Tomcat started on port 8085 (http) with context path ''
2026-03-29 09:35:35.332 [notification-service] [main] INFO  o.a.k.c.consumer.ConsumerConfig - ConsumerConfig values: 
	allow.auto.create.topics = true
	auto.commit.interval.ms = 5000
	auto.include.jmx.reporter = true
	auto.offset.reset = latest
	bootstrap.servers = [kafka:29092]
	check.crcs = true
	client.dns.lookup = use_all_dns_ips
	client.id = consumer-notification-group-1
	client.rack = 
	connections.max.idle.ms = 540000
	default.api.timeout.ms = 60000
	enable.auto.commit = false
	exclude.internal.topics = true
	fetch.max.bytes = 52428800
	fetch.max.wait.ms = 500
	fetch.min.bytes = 1
	group.id = notification-group
	group.instance.id = null
	heartbeat.interval.ms = 3000
	interceptor.classes = []
	internal.leave.group.on.close = true
	internal.throw.on.fetch.stable.offset.unsupported = false
	isolation.level = read_uncommitted
	key.deserializer = class org.apache.kafka.common.serialization.StringDeserializer
	max.partition.fetch.bytes = 1048576
	max.poll.interval.ms = 300000
	max.poll.records = 500
	metadata.max.age.ms = 300000
	metric.reporters = []
	metrics.num.samples = 2
	metrics.recording.level = INFO
	metrics.sample.window.ms = 30000
	partition.assignment.strategy = [class org.apache.kafka.clients.consumer.RangeAssignor, class org.apache.kafka.clients.consumer.CooperativeStickyAssignor]
	receive.buffer.bytes = 65536
	reconnect.backoff.max.ms = 1000
	reconnect.backoff.ms = 50
	request.timeout.ms = 30000
	retry.backoff.ms = 100
	sasl.client.callback.handler.class = null
	sasl.jaas.config = null
	sasl.kerberos.kinit.cmd = /usr/bin/kinit
	sasl.kerberos.min.time.before.relogin = 60000
	sasl.kerberos.service.name = null
	sasl.kerberos.ticket.renew.jitter = 0.05
	sasl.kerberos.ticket.renew.window.factor = 0.8
	sasl.login.callback.handler.class = null
	sasl.login.class = null
	sasl.login.connect.timeout.ms = null
	sasl.login.read.timeout.ms = null
	sasl.login.refresh.buffer.seconds = 300
	sasl.login.refresh.min.period.seconds = 60
	sasl.login.refresh.window.factor = 0.8
	sasl.login.refresh.window.jitter = 0.05
	sasl.login.retry.backoff.max.ms = 10000
	sasl.login.retry.backoff.ms = 100
	sasl.mechanism = GSSAPI
	sasl.oauthbearer.clock.skew.seconds = 30
	sasl.oauthbearer.expected.audience = null
	sasl.oauthbearer.expected.issuer = null
	sasl.oauthbearer.jwks.endpoint.refresh.ms = 3600000
	sasl.oauthbearer.jwks.endpoint.retry.backoff.max.ms = 10000
	sasl.oauthbearer.jwks.endpoint.retry.backoff.ms = 100
	sasl.oauthbearer.jwks.endpoint.url = null
	sasl.oauthbearer.scope.claim.name = scope
	sasl.oauthbearer.sub.claim.name = sub
	sasl.oauthbearer.token.endpoint.url = null
	security.protocol = PLAINTEXT
	security.providers = null
	send.buffer.bytes = 131072
	session.timeout.ms = 45000
	socket.connection.setup.timeout.max.ms = 30000
	socket.connection.setup.timeout.ms = 10000
	ssl.cipher.suites = null
	ssl.enabled.protocols = [TLSv1.2, TLSv1.3]
	ssl.endpoint.identification.algorithm = https
	ssl.engine.factory.class = null
	ssl.key.password = null
	ssl.keymanager.algorithm = SunX509
	ssl.keystore.certificate.chain = null
	ssl.keystore.key = null
	ssl.keystore.location = null
	ssl.keystore.password = null
	ssl.keystore.type = JKS
	ssl.protocol = TLSv1.3
	ssl.provider = null
	ssl.secure.random.implementation = null
	ssl.trustmanager.algorithm = PKIX
	ssl.truststore.certificates = null
	ssl.truststore.location = null
	ssl.truststore.password = null
	ssl.truststore.type = JKS
	value.deserializer = class org.apache.kafka.common.serialization.StringDeserializer

2026-03-29 09:35:35.969 [notification-service] [main] INFO  o.a.kafka.common.utils.AppInfoParser - Kafka version: 3.6.1
2026-03-29 09:35:35.988 [notification-service] [main] INFO  o.a.kafka.common.utils.AppInfoParser - Kafka commitId: 5e3c2b738d253ff5
2026-03-29 09:35:35.993 [notification-service] [main] INFO  o.a.kafka.common.utils.AppInfoParser - Kafka startTimeMs: 1774776935953
2026-03-29 09:35:36.033 [notification-service] [main] INFO  o.s.k.c.DefaultKafkaConsumerFactory$ExtendedKafkaConsumer - [Consumer clientId=consumer-notification-group-1, groupId=notification-group] Subscribed to topic(s): order-created
2026-03-29 09:35:36.079 [notification-service] [main] INFO  o.a.k.c.consumer.ConsumerConfig - ConsumerConfig values: 
	allow.auto.create.topics = true
	auto.commit.interval.ms = 5000
	auto.include.jmx.reporter = true
	auto.offset.reset = latest
	bootstrap.servers = [kafka:29092]
	check.crcs = true
	client.dns.lookup = use_all_dns_ips
	client.id = consumer-notification-group-2
	client.rack = 
	connections.max.idle.ms = 540000
	default.api.timeout.ms = 60000
	enable.auto.commit = false
	exclude.internal.topics = true
	fetch.max.bytes = 52428800
	fetch.max.wait.ms = 500
	fetch.min.bytes = 1
	group.id = notification-group
	group.instance.id = null
	heartbeat.interval.ms = 3000
	interceptor.classes = []
	internal.leave.group.on.close = true
	internal.throw.on.fetch.stable.offset.unsupported = false
	isolation.level = read_uncommitted
	key.deserializer = class org.apache.kafka.common.serialization.StringDeserializer
	max.partition.fetch.bytes = 1048576
	max.poll.interval.ms = 300000
	max.poll.records = 500
	metadata.max.age.ms = 300000
	metric.reporters = []
	metrics.num.samples = 2
	metrics.recording.level = INFO
	metrics.sample.window.ms = 30000
	partition.assignment.strategy = [class org.apache.kafka.clients.consumer.RangeAssignor, class org.apache.kafka.clients.consumer.CooperativeStickyAssignor]
	receive.buffer.bytes = 65536
	reconnect.backoff.max.ms = 1000
	reconnect.backoff.ms = 50
	request.timeout.ms = 30000
	retry.backoff.ms = 100
	sasl.client.callback.handler.class = null
	sasl.jaas.config = null
	sasl.kerberos.kinit.cmd = /usr/bin/kinit
	sasl.kerberos.min.time.before.relogin = 60000
	sasl.kerberos.service.name = null
	sasl.kerberos.ticket.renew.jitter = 0.05
	sasl.kerberos.ticket.renew.window.factor = 0.8
	sasl.login.callback.handler.class = null
	sasl.login.class = null
	sasl.login.connect.timeout.ms = null
	sasl.login.read.timeout.ms = null
	sasl.login.refresh.buffer.seconds = 300
	sasl.login.refresh.min.period.seconds = 60
	sasl.login.refresh.window.factor = 0.8
	sasl.login.refresh.window.jitter = 0.05
	sasl.login.retry.backoff.max.ms = 10000
	sasl.login.retry.backoff.ms = 100
	sasl.mechanism = GSSAPI
	sasl.oauthbearer.clock.skew.seconds = 30
	sasl.oauthbearer.expected.audience = null
	sasl.oauthbearer.expected.issuer = null
	sasl.oauthbearer.jwks.endpoint.refresh.ms = 3600000
	sasl.oauthbearer.jwks.endpoint.retry.backoff.max.ms = 10000
	sasl.oauthbearer.jwks.endpoint.retry.backoff.ms = 100
	sasl.oauthbearer.jwks.endpoint.url = null
	sasl.oauthbearer.scope.claim.name = scope
	sasl.oauthbearer.sub.claim.name = sub
	sasl.oauthbearer.token.endpoint.url = null
	security.protocol = PLAINTEXT
	security.providers = null
	send.buffer.bytes = 131072
	session.timeout.ms = 45000
	socket.connection.setup.timeout.max.ms = 30000
	socket.connection.setup.timeout.ms = 10000
	ssl.cipher.suites = null
	ssl.enabled.protocols = [TLSv1.2, TLSv1.3]
	ssl.endpoint.identification.algorithm = https
	ssl.engine.factory.class = null
	ssl.key.password = null
	ssl.keymanager.algorithm = SunX509
	ssl.keystore.certificate.chain = null
	ssl.keystore.key = null
	ssl.keystore.location = null
	ssl.keystore.password = null
	ssl.keystore.type = JKS
	ssl.protocol = TLSv1.3
	ssl.provider = null
	ssl.secure.random.implementation = null
	ssl.trustmanager.algorithm = PKIX
	ssl.truststore.certificates = null
	ssl.truststore.location = null
	ssl.truststore.password = null
	ssl.truststore.type = JKS
	value.deserializer = class org.apache.kafka.common.serialization.StringDeserializer

2026-03-29 09:35:36.106 [notification-service] [main] INFO  o.a.kafka.common.utils.AppInfoParser - Kafka version: 3.6.1
2026-03-29 09:35:36.108 [notification-service] [main] INFO  o.a.kafka.common.utils.AppInfoParser - Kafka commitId: 5e3c2b738d253ff5
2026-03-29 09:35:36.110 [notification-service] [main] INFO  o.a.kafka.common.utils.AppInfoParser - Kafka startTimeMs: 1774776936106
2026-03-29 09:35:36.112 [notification-service] [main] INFO  o.s.k.c.DefaultKafkaConsumerFactory$ExtendedKafkaConsumer - [Consumer clientId=consumer-notification-group-2, groupId=notification-group] Subscribed to topic(s): payment-status
2026-03-29 09:35:36.237 [notification-service] [main] INFO  c.f.n.NotificationServiceApplication - Started NotificationServiceApplication in 25.133 seconds (process running for 27.773)
2026-03-29 09:35:37.127 [notification-service] [org.springframework.kafka.KafkaListenerEndpointContainer#1-0-C-1] INFO  org.apache.kafka.clients.Metadata - [Consumer clientId=consumer-notification-group-2, groupId=notification-group] Cluster ID: BRcAGtddR1i6RSLLAdywdA
2026-03-29 09:35:37.127 [notification-service] [org.springframework.kafka.KafkaListenerEndpointContainer#0-0-C-1] INFO  org.apache.kafka.clients.Metadata - [Consumer clientId=consumer-notification-group-1, groupId=notification-group] Cluster ID: BRcAGtddR1i6RSLLAdywdA
2026-03-29 09:35:37.134 [notification-service] [org.springframework.kafka.KafkaListenerEndpointContainer#0-0-C-1] INFO  o.a.k.c.c.i.ConsumerCoordinator - [Consumer clientId=consumer-notification-group-1, groupId=notification-group] Discovered group coordinator kafka:29092 (id: 2147483646 rack: null)
2026-03-29 09:35:37.135 [notification-service] [org.springframework.kafka.KafkaListenerEndpointContainer#1-0-C-1] INFO  o.a.k.c.c.i.ConsumerCoordinator - [Consumer clientId=consumer-notification-group-2, groupId=notification-group] Discovered group coordinator kafka:29092 (id: 2147483646 rack: null)
2026-03-29 09:35:37.141 [notification-service] [org.springframework.kafka.KafkaListenerEndpointContainer#1-0-C-1] INFO  o.a.k.c.c.i.ConsumerCoordinator - [Consumer clientId=consumer-notification-group-2, groupId=notification-group] (Re-)joining group
2026-03-29 09:35:37.147 [notification-service] [org.springframework.kafka.KafkaListenerEndpointContainer#0-0-C-1] INFO  o.a.k.c.c.i.ConsumerCoordinator - [Consumer clientId=consumer-notification-group-1, groupId=notification-group] (Re-)joining group
2026-03-29 09:35:37.307 [notification-service] [org.springframework.kafka.KafkaListenerEndpointContainer#1-0-C-1] INFO  o.a.k.c.c.i.ConsumerCoordinator - [Consumer clientId=consumer-notification-group-2, groupId=notification-group] Request joining group due to: need to re-join with the given member-id: consumer-notification-group-2-cd6f5039-7ae3-4fb2-99d4-2e50ed65e0ef
2026-03-29 09:35:37.310 [notification-service] [org.springframework.kafka.KafkaListenerEndpointContainer#1-0-C-1] INFO  o.a.k.c.c.i.ConsumerCoordinator - [Consumer clientId=consumer-notification-group-2, groupId=notification-group] Request joining group due to: rebalance failed due to 'The group member needs to have a valid member id before actually entering a consumer group.' (MemberIdRequiredException)
2026-03-29 09:35:37.310 [notification-service] [org.springframework.kafka.KafkaListenerEndpointContainer#1-0-C-1] INFO  o.a.k.c.c.i.ConsumerCoordinator - [Consumer clientId=consumer-notification-group-2, groupId=notification-group] (Re-)joining group
2026-03-29 09:35:37.311 [notification-service] [org.springframework.kafka.KafkaListenerEndpointContainer#0-0-C-1] INFO  o.a.k.c.c.i.ConsumerCoordinator - [Consumer clientId=consumer-notification-group-1, groupId=notification-group] Request joining group due to: need to re-join with the given member-id: consumer-notification-group-1-1d21b284-9d70-4d03-9f2a-663a02c0c61b
2026-03-29 09:35:37.316 [notification-service] [org.springframework.kafka.KafkaListenerEndpointContainer#0-0-C-1] INFO  o.a.k.c.c.i.ConsumerCoordinator - [Consumer clientId=consumer-notification-group-1, groupId=notification-group] Request joining group due to: rebalance failed due to 'The group member needs to have a valid member id before actually entering a consumer group.' (MemberIdRequiredException)
2026-03-29 09:35:37.319 [notification-service] [org.springframework.kafka.KafkaListenerEndpointContainer#0-0-C-1] INFO  o.a.k.c.c.i.ConsumerCoordinator - [Consumer clientId=consumer-notification-group-1, groupId=notification-group] (Re-)joining group
2026-03-29 09:35:47.822 [notification-service] [org.springframework.kafka.KafkaListenerEndpointContainer#1-0-C-1] INFO  o.a.k.c.c.i.ConsumerCoordinator - [Consumer clientId=consumer-notification-group-2, groupId=notification-group] Successfully joined group with generation Generation{generationId=2, memberId='consumer-notification-group-2-cd6f5039-7ae3-4fb2-99d4-2e50ed65e0ef', protocol='range'}
2026-03-29 09:35:47.841 [notification-service] [org.springframework.kafka.KafkaListenerEndpointContainer#0-0-C-1] INFO  o.a.k.c.c.i.ConsumerCoordinator - [Consumer clientId=consumer-notification-group-1, groupId=notification-group] Successfully joined group with generation Generation{generationId=2, memberId='consumer-notification-group-1-1d21b284-9d70-4d03-9f2a-663a02c0c61b', protocol='range'}
2026-03-29 09:35:47.967 [notification-service] [org.springframework.kafka.KafkaListenerEndpointContainer#0-0-C-1] INFO  o.a.k.c.c.i.ConsumerCoordinator - [Consumer clientId=consumer-notification-group-1, groupId=notification-group] Finished assignment for group at generation 2: {consumer-notification-group-1-1d21b284-9d70-4d03-9f2a-663a02c0c61b=Assignment(partitions=[order-created-0]), consumer-notification-group-2-cd6f5039-7ae3-4fb2-99d4-2e50ed65e0ef=Assignment(partitions=[payment-status-0])}
2026-03-29 09:35:48.004 [notification-service] [org.springframework.kafka.KafkaListenerEndpointContainer#1-0-C-1] INFO  o.a.k.c.c.i.ConsumerCoordinator - [Consumer clientId=consumer-notification-group-2, groupId=notification-group] Successfully synced group in generation Generation{generationId=2, memberId='consumer-notification-group-2-cd6f5039-7ae3-4fb2-99d4-2e50ed65e0ef', protocol='range'}
2026-03-29 09:35:48.004 [notification-service] [org.springframework.kafka.KafkaListenerEndpointContainer#0-0-C-1] INFO  o.a.k.c.c.i.ConsumerCoordinator - [Consumer clientId=consumer-notification-group-1, groupId=notification-group] Successfully synced group in generation Generation{generationId=2, memberId='consumer-notification-group-1-1d21b284-9d70-4d03-9f2a-663a02c0c61b', protocol='range'}
2026-03-29 09:35:48.005 [notification-service] [org.springframework.kafka.KafkaListenerEndpointContainer#1-0-C-1] INFO  o.a.k.c.c.i.ConsumerCoordinator - [Consumer clientId=consumer-notification-group-2, groupId=notification-group] Notifying assignor about the new Assignment(partitions=[payment-status-0])
2026-03-29 09:35:48.005 [notification-service] [org.springframework.kafka.KafkaListenerEndpointContainer#0-0-C-1] INFO  o.a.k.c.c.i.ConsumerCoordinator - [Consumer clientId=consumer-notification-group-1, groupId=notification-group] Notifying assignor about the new Assignment(partitions=[order-created-0])
2026-03-29 09:35:48.019 [notification-service] [org.springframework.kafka.KafkaListenerEndpointContainer#0-0-C-1] INFO  o.a.k.c.c.i.ConsumerCoordinator - [Consumer clientId=consumer-notification-group-1, groupId=notification-group] Adding newly assigned partitions: order-created-0
2026-03-29 09:35:48.019 [notification-service] [org.springframework.kafka.KafkaListenerEndpointContainer#1-0-C-1] INFO  o.a.k.c.c.i.ConsumerCoordinator - [Consumer clientId=consumer-notification-group-2, groupId=notification-group] Adding newly assigned partitions: payment-status-0
2026-03-29 09:35:48.045 [notification-service] [org.springframework.kafka.KafkaListenerEndpointContainer#0-0-C-1] INFO  o.a.k.c.c.i.ConsumerCoordinator - [Consumer clientId=consumer-notification-group-1, groupId=notification-group] Setting offset for partition order-created-0 to the committed offset FetchPosition{offset=0, offsetEpoch=Optional.empty, currentLeader=LeaderAndEpoch{leader=Optional[kafka:29092 (id: 1 rack: null)], epoch=0}}
2026-03-29 09:35:48.046 [notification-service] [org.springframework.kafka.KafkaListenerEndpointContainer#1-0-C-1] INFO  o.a.k.c.c.i.ConsumerCoordinator - [Consumer clientId=consumer-notification-group-2, groupId=notification-group] Setting offset for partition payment-status-0 to the committed offset FetchPosition{offset=0, offsetEpoch=Optional.empty, currentLeader=LeaderAndEpoch{leader=Optional[kafka:29092 (id: 1 rack: null)], epoch=0}}
2026-03-29 09:35:48.052 [notification-service] [org.springframework.kafka.KafkaListenerEndpointContainer#0-0-C-1] INFO  o.s.k.l.KafkaMessageListenerContainer - notification-group: partitions assigned: [order-created-0]
2026-03-29 09:35:48.052 [notification-service] [org.springframework.kafka.KafkaListenerEndpointContainer#1-0-C-1] INFO  o.s.k.l.KafkaMessageListenerContainer - notification-group: partitions assigned: [payment-status-0]
2026-03-29 09:38:52.921 [notification-service] [org.springframework.kafka.KafkaListenerEndpointContainer#0-0-C-1] INFO  o.a.k.c.c.i.ConsumerCoordinator - [Consumer clientId=consumer-notification-group-1, groupId=notification-group] Revoke previously assigned partitions order-created-0
2026-03-29 09:38:52.920 [notification-service] [org.springframework.kafka.KafkaListenerEndpointContainer#1-0-C-1] INFO  o.a.k.c.c.i.ConsumerCoordinator - [Consumer clientId=consumer-notification-group-2, groupId=notification-group] Revoke previously assigned partitions payment-status-0
2026-03-29 09:38:52.954 [notification-service] [org.springframework.kafka.KafkaListenerEndpointContainer#0-0-C-1] INFO  o.s.k.l.KafkaMessageListenerContainer - notification-group: partitions revoked: [order-created-0]
2026-03-29 09:38:52.954 [notification-service] [org.springframework.kafka.KafkaListenerEndpointContainer#1-0-C-1] INFO  o.s.k.l.KafkaMessageListenerContainer - notification-group: partitions revoked: [payment-status-0]
2026-03-29 09:38:52.970 [notification-service] [org.springframework.kafka.KafkaListenerEndpointContainer#1-0-C-1] INFO  o.a.k.c.c.i.ConsumerCoordinator - [Consumer clientId=consumer-notification-group-2, groupId=notification-group] Member consumer-notification-group-2-cd6f5039-7ae3-4fb2-99d4-2e50ed65e0ef sending LeaveGroup request to coordinator kafka:29092 (id: 2147483646 rack: null) due to the consumer unsubscribed from all topics
2026-03-29 09:38:52.971 [notification-service] [org.springframework.kafka.KafkaListenerEndpointContainer#0-0-C-1] INFO  o.a.k.c.c.i.ConsumerCoordinator - [Consumer clientId=consumer-notification-group-1, groupId=notification-group] Member consumer-notification-group-1-1d21b284-9d70-4d03-9f2a-663a02c0c61b sending LeaveGroup request to coordinator kafka:29092 (id: 2147483646 rack: null) due to the consumer unsubscribed from all topics
2026-03-29 09:38:52.974 [notification-service] [org.springframework.kafka.KafkaListenerEndpointContainer#1-0-C-1] INFO  o.a.k.c.c.i.ConsumerCoordinator - [Consumer clientId=consumer-notification-group-2, groupId=notification-group] Resetting generation and member id due to: consumer pro-actively leaving the group
2026-03-29 09:38:52.974 [notification-service] [org.springframework.kafka.KafkaListenerEndpointContainer#0-0-C-1] INFO  o.a.k.c.c.i.ConsumerCoordinator - [Consumer clientId=consumer-notification-group-1, groupId=notification-group] Resetting generation and member id due to: consumer pro-actively leaving the group
2026-03-29 09:38:52.981 [notification-service] [org.springframework.kafka.KafkaListenerEndpointContainer#1-0-C-1] INFO  o.a.k.c.c.i.ConsumerCoordinator - [Consumer clientId=consumer-notification-group-2, groupId=notification-group] Request joining group due to: consumer pro-actively leaving the group
2026-03-29 09:38:52.983 [notification-service] [org.springframework.kafka.KafkaListenerEndpointContainer#0-0-C-1] INFO  o.a.k.c.c.i.ConsumerCoordinator - [Consumer clientId=consumer-notification-group-1, groupId=notification-group] Request joining group due to: consumer pro-actively leaving the group
2026-03-29 09:38:52.990 [notification-service] [org.springframework.kafka.KafkaListenerEndpointContainer#1-0-C-1] INFO  o.s.k.c.DefaultKafkaConsumerFactory$ExtendedKafkaConsumer - [Consumer clientId=consumer-notification-group-2, groupId=notification-group] Unsubscribed all topics or patterns and assigned partitions
2026-03-29 09:38:52.994 [notification-service] [org.springframework.kafka.KafkaListenerEndpointContainer#0-0-C-1] INFO  o.s.k.c.DefaultKafkaConsumerFactory$ExtendedKafkaConsumer - [Consumer clientId=consumer-notification-group-1, groupId=notification-group] Unsubscribed all topics or patterns and assigned partitions
2026-03-29 09:38:53.079 [notification-service] [org.springframework.kafka.KafkaListenerEndpointContainer#0-0-C-1] INFO  o.a.k.c.c.i.ConsumerCoordinator - [Consumer clientId=consumer-notification-group-1, groupId=notification-group] Resetting generation and member id due to: consumer pro-actively leaving the group
2026-03-29 09:38:53.084 [notification-service] [org.springframework.kafka.KafkaListenerEndpointContainer#1-0-C-1] INFO  o.a.k.c.c.i.ConsumerCoordinator - [Consumer clientId=consumer-notification-group-2, groupId=notification-group] Resetting generation and member id due to: consumer pro-actively leaving the group
2026-03-29 09:38:53.084 [notification-service] [org.springframework.kafka.KafkaListenerEndpointContainer#0-0-C-1] INFO  o.a.k.c.c.i.ConsumerCoordinator - [Consumer clientId=consumer-notification-group-1, groupId=notification-group] Request joining group due to: consumer pro-actively leaving the group
2026-03-29 09:38:53.087 [notification-service] [org.springframework.kafka.KafkaListenerEndpointContainer#1-0-C-1] INFO  o.a.k.c.c.i.ConsumerCoordinator - [Consumer clientId=consumer-notification-group-2, groupId=notification-group] Request joining group due to: consumer pro-actively leaving the group
2026-03-29 09:38:53.300 [notification-service] [org.springframework.kafka.KafkaListenerEndpointContainer#1-0-C-1] INFO  o.a.kafka.common.metrics.Metrics - Metrics scheduler closed
2026-03-29 09:38:53.300 [notification-service] [org.springframework.kafka.KafkaListenerEndpointContainer#0-0-C-1] INFO  o.a.kafka.common.metrics.Metrics - Metrics scheduler closed
2026-03-29 09:38:53.301 [notification-service] [org.springframework.kafka.KafkaListenerEndpointContainer#1-0-C-1] INFO  o.a.kafka.common.metrics.Metrics - Closing reporter org.apache.kafka.common.metrics.JmxReporter
2026-03-29 09:38:53.301 [notification-service] [org.springframework.kafka.KafkaListenerEndpointContainer#0-0-C-1] INFO  o.a.kafka.common.metrics.Metrics - Closing reporter org.apache.kafka.common.metrics.JmxReporter
2026-03-29 09:38:53.302 [notification-service] [org.springframework.kafka.KafkaListenerEndpointContainer#1-0-C-1] INFO  o.a.kafka.common.metrics.Metrics - Metrics reporters closed
2026-03-29 09:38:53.302 [notification-service] [org.springframework.kafka.KafkaListenerEndpointContainer#0-0-C-1] INFO  o.a.kafka.common.metrics.Metrics - Metrics reporters closed
2026-03-29 09:38:53.335 [notification-service] [org.springframework.kafka.KafkaListenerEndpointContainer#0-0-C-1] INFO  o.a.kafka.common.utils.AppInfoParser - App info kafka.consumer for consumer-notification-group-1 unregistered
2026-03-29 09:38:53.339 [notification-service] [org.springframework.kafka.KafkaListenerEndpointContainer#1-0-C-1] INFO  o.a.kafka.common.utils.AppInfoParser - App info kafka.consumer for consumer-notification-group-2 unregistered
2026-03-29 09:38:53.344 [notification-service] [org.springframework.kafka.KafkaListenerEndpointContainer#0-0-C-1] INFO  o.s.k.l.KafkaMessageListenerContainer - notification-group: Consumer stopped
2026-03-29 09:38:53.344 [notification-service] [org.springframework.kafka.KafkaListenerEndpointContainer#1-0-C-1] INFO  o.s.k.l.KafkaMessageListenerContainer - notification-group: Consumer stopped
2026-03-29 09:38:53.494 [notification-service] [SpringApplicationShutdownHook] INFO  o.s.o.j.LocalContainerEntityManagerFactoryBean - Closing JPA EntityManagerFactory for persistence unit 'default'
2026-03-29 09:38:53.550 [notification-service] [SpringApplicationShutdownHook] INFO  com.zaxxer.hikari.HikariDataSource - HikariPool-1 - Shutdown initiated...
2026-03-29 09:38:53.669 [notification-service] [SpringApplicationShutdownHook] INFO  com.zaxxer.hikari.HikariDataSource - HikariPool-1 - Shutdown completed.
2026-03-29 09:39:02.568 [auth-service] [main] INFO  c.f.a.AuthServiceApplication - Starting AuthServiceApplication v0.0.1-SNAPSHOT using Java 17.0.18 with PID 1 (/app/app.jar started by root in /app)
2026-03-29 09:39:02.589 [auth-service] [main] INFO  c.f.a.AuthServiceApplication - No active profile set, falling back to 1 default profile: "default"
2026-03-29 09:39:02.719 [restaurant-service] [main] INFO  c.f.r.RestaurantServiceApplication - Starting RestaurantServiceApplication v0.0.1-SNAPSHOT using Java 17.0.18 with PID 1 (/app/app.jar started by root in /app)
2026-03-29 09:39:02.810 [restaurant-service] [main] INFO  c.f.r.RestaurantServiceApplication - No active profile set, falling back to 1 default profile: "default"
2026-03-29 09:39:03.127 [notification-service] [main] INFO  c.f.n.NotificationServiceApplication - Starting NotificationServiceApplication v0.0.1-SNAPSHOT using Java 17.0.18 with PID 1 (/app/app.jar started by root in /app)
2026-03-29 09:39:03.155 [notification-service] [main] INFO  c.f.n.NotificationServiceApplication - No active profile set, falling back to 1 default profile: "default"
2026-03-29 09:39:03.585 [order-service] [main] INFO  c.f.o.OrderServiceApplication - Starting OrderServiceApplication v0.0.1-SNAPSHOT using Java 17.0.18 with PID 1 (/app/app.jar started by root in /app)
2026-03-29 09:39:03.602 [order-service] [main] INFO  c.f.o.OrderServiceApplication - No active profile set, falling back to 1 default profile: "default"
2026-03-29 09:39:04.198 [payment-service] [main] INFO  c.f.p.PaymentServiceApplication - Starting PaymentServiceApplication v0.0.1-SNAPSHOT using Java 17.0.18 with PID 1 (/app/app.jar started by root in /app)
2026-03-29 09:39:04.233 [payment-service] [main] INFO  c.f.p.PaymentServiceApplication - No active profile set, falling back to 1 default profile: "default"
2026-03-29 09:39:05.961 [auth-service] [main] INFO  o.s.d.r.c.RepositoryConfigurationDelegate - Bootstrapping Spring Data JPA repositories in DEFAULT mode.
2026-03-29 09:39:06.173 [auth-service] [main] INFO  o.s.d.r.c.RepositoryConfigurationDelegate - Finished Spring Data repository scanning in 144 ms. Found 1 JPA repository interface.
2026-03-29 09:39:06.576 [restaurant-service] [main] INFO  o.s.d.r.c.RepositoryConfigurationDelegate - Bootstrapping Spring Data JPA repositories in DEFAULT mode.
2026-03-29 09:39:06.712 [order-service] [main] INFO  o.s.d.r.c.RepositoryConfigurationDelegate - Bootstrapping Spring Data JPA repositories in DEFAULT mode.
2026-03-29 09:39:06.879 [restaurant-service] [main] INFO  o.s.d.r.c.RepositoryConfigurationDelegate - Finished Spring Data repository scanning in 211 ms. Found 2 JPA repository interfaces.
2026-03-29 09:39:06.917 [order-service] [main] INFO  o.s.d.r.c.RepositoryConfigurationDelegate - Finished Spring Data repository scanning in 183 ms. Found 2 JPA repository interfaces.
2026-03-29 09:39:07.074 [payment-service] [main] INFO  o.s.d.r.c.RepositoryConfigurationDelegate - Bootstrapping Spring Data JPA repositories in DEFAULT mode.
2026-03-29 09:39:07.371 [payment-service] [main] INFO  o.s.d.r.c.RepositoryConfigurationDelegate - Finished Spring Data repository scanning in 241 ms. Found 1 JPA repository interface.
2026-03-29 09:39:08.509 [notification-service] [main] INFO  o.s.d.r.c.RepositoryConfigurationDelegate - Bootstrapping Spring Data JPA repositories in DEFAULT mode.
2026-03-29 09:39:08.881 [notification-service] [main] INFO  o.s.d.r.c.RepositoryConfigurationDelegate - Finished Spring Data repository scanning in 257 ms. Found 1 JPA repository interface.
2026-03-29 09:39:09.063 [auth-service] [main] INFO  o.s.boot.tomcat.TomcatWebServer - Tomcat initialized with port 8081 (http)
2026-03-29 09:39:09.132 [auth-service] [main] INFO  o.a.catalina.core.StandardService - Starting service [Tomcat]
2026-03-29 09:39:09.138 [auth-service] [main] INFO  o.a.catalina.core.StandardEngine - Starting Servlet engine: [Apache Tomcat/11.0.14]
2026-03-29 09:39:09.354 [auth-service] [main] INFO  o.s.b.w.c.s.WebApplicationContextInitializer - Root WebApplicationContext: initialization completed in 6603 ms
2026-03-29 09:39:09.754 [payment-service] [main] INFO  o.s.b.w.e.tomcat.TomcatWebServer - Tomcat initialized with port 8084 (http)
2026-03-29 09:39:09.885 [payment-service] [main] INFO  o.a.catalina.core.StandardService - Starting service [Tomcat]
2026-03-29 09:39:09.897 [payment-service] [main] INFO  o.a.catalina.core.StandardEngine - Starting Servlet engine: [Apache Tomcat/10.1.18]
2026-03-29 09:39:10.295 [payment-service] [main] INFO  o.a.c.c.C.[Tomcat].[localhost].[/] - Initializing Spring embedded WebApplicationContext
2026-03-29 09:39:10.303 [payment-service] [main] INFO  o.s.b.w.s.c.ServletWebServerApplicationContext - Root WebApplicationContext: initialization completed in 5847 ms
2026-03-29 09:39:10.296 [order-service] [main] INFO  o.s.b.w.e.tomcat.TomcatWebServer - Tomcat initialized with port 8083 (http)
2026-03-29 09:39:10.481 [order-service] [main] INFO  o.a.catalina.core.StandardService - Starting service [Tomcat]
2026-03-29 09:39:10.483 [order-service] [main] INFO  o.a.catalina.core.StandardEngine - Starting Servlet engine: [Apache Tomcat/10.1.18]
2026-03-29 09:39:10.957 [auth-service] [main] INFO  o.h.jpa.internal.util.LogHelper - HHH000204: Processing PersistenceUnitInfo [name: default]
2026-03-29 09:39:10.907 [restaurant-service] [main] INFO  o.s.b.w.e.tomcat.TomcatWebServer - Tomcat initialized with port 8082 (http)
2026-03-29 09:39:11.152 [order-service] [main] INFO  o.a.c.c.C.[Tomcat].[localhost].[/] - Initializing Spring embedded WebApplicationContext
2026-03-29 09:39:11.163 [order-service] [main] INFO  o.s.b.w.s.c.ServletWebServerApplicationContext - Root WebApplicationContext: initialization completed in 7294 ms
2026-03-29 09:39:11.263 [restaurant-service] [main] INFO  o.a.catalina.core.StandardService - Starting service [Tomcat]
2026-03-29 09:39:11.328 [restaurant-service] [main] INFO  o.a.catalina.core.StandardEngine - Starting Servlet engine: [Apache Tomcat/10.1.18]
2026-03-29 09:39:11.734 [payment-service] [main] INFO  o.h.jpa.internal.util.LogHelper - HHH000204: Processing PersistenceUnitInfo [name: default]
2026-03-29 09:39:12.145 [restaurant-service] [main] INFO  o.a.c.c.C.[Tomcat].[localhost].[/] - Initializing Spring embedded WebApplicationContext
2026-03-29 09:39:12.158 [restaurant-service] [main] INFO  o.s.b.w.s.c.ServletWebServerApplicationContext - Root WebApplicationContext: initialization completed in 9084 ms
2026-03-29 09:39:12.405 [auth-service] [main] INFO  org.hibernate.Version - HHH000412: Hibernate ORM core version 7.1.8.Final
2026-03-29 09:39:12.550 [payment-service] [main] INFO  org.hibernate.Version - HHH000412: Hibernate ORM core version 6.4.1.Final
2026-03-29 09:39:13.100 [payment-service] [main] INFO  o.h.c.i.RegionFactoryInitiator - HHH000026: Second-level cache disabled
2026-03-29 09:39:14.073 [order-service] [main] INFO  o.h.jpa.internal.util.LogHelper - HHH000204: Processing PersistenceUnitInfo [name: default]
2026-03-29 09:39:14.394 [order-service] [main] INFO  org.hibernate.Version - HHH000412: Hibernate ORM core version 6.4.1.Final
2026-03-29 09:39:14.598 [order-service] [main] INFO  o.h.c.i.RegionFactoryInitiator - HHH000026: Second-level cache disabled
2026-03-29 09:39:14.617 [restaurant-service] [main] INFO  o.h.jpa.internal.util.LogHelper - HHH000204: Processing PersistenceUnitInfo [name: default]
2026-03-29 09:39:14.784 [payment-service] [main] INFO  o.s.o.j.p.SpringPersistenceUnitInfo - No LoadTimeWeaver setup: ignoring JPA class transformer
2026-03-29 09:39:14.881 [payment-service] [main] INFO  com.zaxxer.hikari.HikariDataSource - HikariPool-1 - Starting...
2026-03-29 09:39:15.050 [restaurant-service] [main] INFO  org.hibernate.Version - HHH000412: Hibernate ORM core version 6.4.1.Final
2026-03-29 09:39:15.442 [restaurant-service] [main] INFO  o.h.c.i.RegionFactoryInitiator - HHH000026: Second-level cache disabled
2026-03-29 09:39:15.631 [order-service] [main] INFO  o.s.o.j.p.SpringPersistenceUnitInfo - No LoadTimeWeaver setup: ignoring JPA class transformer
2026-03-29 09:39:15.640 [notification-service] [main] INFO  o.s.b.w.e.tomcat.TomcatWebServer - Tomcat initialized with port 8085 (http)
2026-03-29 09:39:15.748 [notification-service] [main] INFO  o.a.catalina.core.StandardService - Starting service [Tomcat]
2026-03-29 09:39:15.754 [notification-service] [main] INFO  o.a.catalina.core.StandardEngine - Starting Servlet engine: [Apache Tomcat/10.1.18]
2026-03-29 09:39:15.762 [order-service] [main] INFO  com.zaxxer.hikari.HikariDataSource - HikariPool-1 - Starting...
2026-03-29 09:39:15.965 [auth-service] [main] INFO  o.s.o.j.p.SpringPersistenceUnitInfo - No LoadTimeWeaver setup: ignoring JPA class transformer
2026-03-29 09:39:16.006 [payment-service] [main] INFO  com.zaxxer.hikari.pool.HikariPool - HikariPool-1 - Added connection com.mysql.cj.jdbc.ConnectionImpl@786a3477
2026-03-29 09:39:16.017 [payment-service] [main] INFO  com.zaxxer.hikari.HikariDataSource - HikariPool-1 - Start completed.
2026-03-29 09:39:16.126 [notification-service] [main] INFO  o.a.c.c.C.[Tomcat].[localhost].[/] - Initializing Spring embedded WebApplicationContext
2026-03-29 09:39:16.147 [notification-service] [main] INFO  o.s.b.w.s.c.ServletWebServerApplicationContext - Root WebApplicationContext: initialization completed in 12641 ms
2026-03-29 09:39:16.248 [auth-service] [main] INFO  com.zaxxer.hikari.HikariDataSource - HikariPool-1 - Starting...
2026-03-29 09:39:16.246 [payment-service] [main] WARN  org.hibernate.orm.deprecation - HHH90000025: MySQLDialect does not need to be specified explicitly using 'hibernate.dialect' (remove the property setting and it will be selected by default)
2026-03-29 09:39:16.262 [order-service] [main] INFO  com.zaxxer.hikari.pool.HikariPool - HikariPool-1 - Added connection com.mysql.cj.jdbc.ConnectionImpl@22aee519
2026-03-29 09:39:16.274 [order-service] [main] INFO  com.zaxxer.hikari.HikariDataSource - HikariPool-1 - Start completed.
2026-03-29 09:39:16.429 [order-service] [main] WARN  org.hibernate.orm.deprecation - HHH90000025: MySQLDialect does not need to be specified explicitly using 'hibernate.dialect' (remove the property setting and it will be selected by default)
2026-03-29 09:39:16.660 [restaurant-service] [main] INFO  o.s.o.j.p.SpringPersistenceUnitInfo - No LoadTimeWeaver setup: ignoring JPA class transformer
2026-03-29 09:39:16.893 [restaurant-service] [main] INFO  com.zaxxer.hikari.HikariDataSource - HikariPool-1 - Starting...
2026-03-29 09:39:16.987 [auth-service] [main] INFO  com.zaxxer.hikari.pool.HikariPool - HikariPool-1 - Added connection com.mysql.cj.jdbc.ConnectionImpl@4fef5792
2026-03-29 09:39:17.003 [auth-service] [main] INFO  com.zaxxer.hikari.HikariDataSource - HikariPool-1 - Start completed.
2026-03-29 09:39:17.184 [auth-service] [main] WARN  org.hibernate.orm.deprecation - HHH90000025: MySQLDialect does not need to be specified explicitly using 'hibernate.dialect' (remove the property setting and it will be selected by default)
2026-03-29 09:39:17.251 [auth-service] [main] INFO  o.hibernate.orm.connections.pooling - HHH10001005: Database info:
	Database JDBC URL [jdbc:mysql://mysql-db:3306/auth_db?autoReconnect=true&useSSL=false&allowPublicKeyRetrieval=true]
	Database driver: MySQL Connector/J
	Database dialect: MySQLDialect
	Database version: 8.0.45
	Default catalog/schema: auth_db/undefined
	Autocommit mode: undefined/unknown
	Isolation level: REPEATABLE_READ [default REPEATABLE_READ]
	JDBC fetch size: none
	Pool: DatasourceConnectionProviderImpl
	Minimum pool size: undefined/unknown
	Maximum pool size: undefined/unknown
2026-03-29 09:39:17.522 [notification-service] [main] INFO  o.h.jpa.internal.util.LogHelper - HHH000204: Processing PersistenceUnitInfo [name: default]
2026-03-29 09:39:17.547 [restaurant-service] [main] INFO  com.zaxxer.hikari.pool.HikariPool - HikariPool-1 - Added connection com.mysql.cj.jdbc.ConnectionImpl@34ab26a
2026-03-29 09:39:17.550 [restaurant-service] [main] INFO  com.zaxxer.hikari.HikariDataSource - HikariPool-1 - Start completed.
2026-03-29 09:39:17.683 [restaurant-service] [main] WARN  org.hibernate.orm.deprecation - HHH90000025: MySQLDialect does not need to be specified explicitly using 'hibernate.dialect' (remove the property setting and it will be selected by default)
2026-03-29 09:39:17.786 [notification-service] [main] INFO  org.hibernate.Version - HHH000412: Hibernate ORM core version 6.4.1.Final
2026-03-29 09:39:17.916 [notification-service] [main] INFO  o.h.c.i.RegionFactoryInitiator - HHH000026: Second-level cache disabled
2026-03-29 09:39:18.592 [payment-service] [main] INFO  o.h.e.t.j.p.i.JtaPlatformInitiator - HHH000489: No JTA platform available (set 'hibernate.transaction.jta.platform' to enable JTA platform integration)
2026-03-29 09:39:18.717 [notification-service] [main] INFO  o.s.o.j.p.SpringPersistenceUnitInfo - No LoadTimeWeaver setup: ignoring JPA class transformer
2026-03-29 09:39:18.790 [payment-service] [main] INFO  o.s.o.j.LocalContainerEntityManagerFactoryBean - Initialized JPA EntityManagerFactory for persistence unit 'default'
2026-03-29 09:39:18.842 [notification-service] [main] INFO  com.zaxxer.hikari.HikariDataSource - HikariPool-1 - Starting...
2026-03-29 09:39:19.671 [notification-service] [main] INFO  com.zaxxer.hikari.pool.HikariPool - HikariPool-1 - Added connection com.mysql.cj.jdbc.ConnectionImpl@47b961e2
2026-03-29 09:39:19.689 [notification-service] [main] INFO  com.zaxxer.hikari.HikariDataSource - HikariPool-1 - Start completed.
2026-03-29 09:39:19.945 [notification-service] [main] WARN  org.hibernate.orm.deprecation - HHH90000025: MySQLDialect does not need to be specified explicitly using 'hibernate.dialect' (remove the property setting and it will be selected by default)
2026-03-29 09:39:20.540 [order-service] [main] INFO  o.h.e.t.j.p.i.JtaPlatformInitiator - HHH000489: No JTA platform available (set 'hibernate.transaction.jta.platform' to enable JTA platform integration)
2026-03-29 09:39:21.047 [restaurant-service] [main] INFO  o.h.e.t.j.p.i.JtaPlatformInitiator - HHH000489: No JTA platform available (set 'hibernate.transaction.jta.platform' to enable JTA platform integration)
2026-03-29 09:39:21.203 [order-service] [main] INFO  o.s.o.j.LocalContainerEntityManagerFactoryBean - Initialized JPA EntityManagerFactory for persistence unit 'default'
2026-03-29 09:39:21.675 [restaurant-service] [main] INFO  o.s.o.j.LocalContainerEntityManagerFactoryBean - Initialized JPA EntityManagerFactory for persistence unit 'default'
2026-03-29 09:39:21.712 [auth-service] [main] INFO  o.h.e.t.j.p.i.JtaPlatformInitiator - HHH000489: No JTA platform available (set 'hibernate.transaction.jta.platform' to enable JTA platform integration)
2026-03-29 09:39:21.868 [payment-service] [main] WARN  o.s.b.a.o.j.JpaBaseConfiguration$JpaWebConfiguration - spring.jpa.open-in-view is enabled by default. Therefore, database queries may be performed during view rendering. Explicitly configure spring.jpa.open-in-view to disable this warning
2026-03-29 09:39:22.718 [auth-service] [main] INFO  o.s.o.j.LocalContainerEntityManagerFactoryBean - Initialized JPA EntityManagerFactory for persistence unit 'default'
2026-03-29 09:39:23.490 [auth-service] [main] INFO  o.s.d.j.r.q.QueryEnhancerFactories - Hibernate is in classpath; If applicable, HQL parser will be used.
2026-03-29 09:39:24.208 [payment-service] [main] INFO  o.s.b.w.e.tomcat.TomcatWebServer - Tomcat started on port 8084 (http) with context path ''
2026-03-29 09:39:24.545 [payment-service] [main] INFO  o.a.k.c.consumer.ConsumerConfig - ConsumerConfig values: 
	allow.auto.create.topics = true
	auto.commit.interval.ms = 5000
	auto.include.jmx.reporter = true
	auto.offset.reset = earliest
	bootstrap.servers = [kafka:29092]
	check.crcs = true
	client.dns.lookup = use_all_dns_ips
	client.id = consumer-payment-service-1
	client.rack = 
	connections.max.idle.ms = 540000
	default.api.timeout.ms = 60000
	enable.auto.commit = false
	exclude.internal.topics = true
	fetch.max.bytes = 52428800
	fetch.max.wait.ms = 500
	fetch.min.bytes = 1
	group.id = payment-service
	group.instance.id = null
	heartbeat.interval.ms = 3000
	interceptor.classes = []
	internal.leave.group.on.close = true
	internal.throw.on.fetch.stable.offset.unsupported = false
	isolation.level = read_uncommitted
	key.deserializer = class org.apache.kafka.common.serialization.StringDeserializer
	max.partition.fetch.bytes = 1048576
	max.poll.interval.ms = 300000
	max.poll.records = 500
	metadata.max.age.ms = 300000
	metric.reporters = []
	metrics.num.samples = 2
	metrics.recording.level = INFO
	metrics.sample.window.ms = 30000
	partition.assignment.strategy = [class org.apache.kafka.clients.consumer.RangeAssignor, class org.apache.kafka.clients.consumer.CooperativeStickyAssignor]
	receive.buffer.bytes = 65536
	reconnect.backoff.max.ms = 1000
	reconnect.backoff.ms = 50
	request.timeout.ms = 30000
	retry.backoff.ms = 100
	sasl.client.callback.handler.class = null
	sasl.jaas.config = null
	sasl.kerberos.kinit.cmd = /usr/bin/kinit
	sasl.kerberos.min.time.before.relogin = 60000
	sasl.kerberos.service.name = null
	sasl.kerberos.ticket.renew.jitter = 0.05
	sasl.kerberos.ticket.renew.window.factor = 0.8
	sasl.login.callback.handler.class = null
	sasl.login.class = null
	sasl.login.connect.timeout.ms = null
	sasl.login.read.timeout.ms = null
	sasl.login.refresh.buffer.seconds = 300
	sasl.login.refresh.min.period.seconds = 60
	sasl.login.refresh.window.factor = 0.8
	sasl.login.refresh.window.jitter = 0.05
	sasl.login.retry.backoff.max.ms = 10000
	sasl.login.retry.backoff.ms = 100
	sasl.mechanism = GSSAPI
	sasl.oauthbearer.clock.skew.seconds = 30
	sasl.oauthbearer.expected.audience = null
	sasl.oauthbearer.expected.issuer = null
	sasl.oauthbearer.jwks.endpoint.refresh.ms = 3600000
	sasl.oauthbearer.jwks.endpoint.retry.backoff.max.ms = 10000
	sasl.oauthbearer.jwks.endpoint.retry.backoff.ms = 100
	sasl.oauthbearer.jwks.endpoint.url = null
	sasl.oauthbearer.scope.claim.name = scope
	sasl.oauthbearer.sub.claim.name = sub
	sasl.oauthbearer.token.endpoint.url = null
	security.protocol = PLAINTEXT
	security.providers = null
	send.buffer.bytes = 131072
	session.timeout.ms = 45000
	socket.connection.setup.timeout.max.ms = 30000
	socket.connection.setup.timeout.ms = 10000
	ssl.cipher.suites = null
	ssl.enabled.protocols = [TLSv1.2, TLSv1.3]
	ssl.endpoint.identification.algorithm = https
	ssl.engine.factory.class = null
	ssl.key.password = null
	ssl.keymanager.algorithm = SunX509
	ssl.keystore.certificate.chain = null
	ssl.keystore.key = null
	ssl.keystore.location = null
	ssl.keystore.password = null
	ssl.keystore.type = JKS
	ssl.protocol = TLSv1.3
	ssl.provider = null
	ssl.secure.random.implementation = null
	ssl.trustmanager.algorithm = PKIX
	ssl.truststore.certificates = null
	ssl.truststore.location = null
	ssl.truststore.password = null
	ssl.truststore.type = JKS
	value.deserializer = class org.springframework.kafka.support.serializer.JsonDeserializer

2026-03-29 09:39:24.723 [restaurant-service] [main] WARN  o.s.b.a.o.j.JpaBaseConfiguration$JpaWebConfiguration - spring.jpa.open-in-view is enabled by default. Therefore, database queries may be performed during view rendering. Explicitly configure spring.jpa.open-in-view to disable this warning
2026-03-29 09:39:24.818 [restaurant-service] [main] WARN  o.s.b.a.s.s.UserDetailsServiceAutoConfiguration - 

Using generated security password: 9b0d0fb1-92fa-4a6d-b348-012063e3552a

This generated password is for development use only. Your security configuration must be updated before running your application in production.

2026-03-29 09:39:25.043 [auth-service] [main] INFO  o.s.s.c.a.a.c.InitializeUserDetailsBeanManagerConfigurer$InitializeUserDetailsManagerConfigurer - Global AuthenticationManager configured with UserDetailsService bean with name customUserDetailsService
2026-03-29 09:39:25.298 [auth-service] [main] WARN  o.s.b.j.a.JpaBaseConfiguration$JpaWebConfiguration - spring.jpa.open-in-view is enabled by default. Therefore, database queries may be performed during view rendering. Explicitly configure spring.jpa.open-in-view to disable this warning
2026-03-29 09:39:25.480 [order-service] [main] WARN  o.s.b.a.o.j.JpaBaseConfiguration$JpaWebConfiguration - spring.jpa.open-in-view is enabled by default. Therefore, database queries may be performed during view rendering. Explicitly configure spring.jpa.open-in-view to disable this warning
2026-03-29 09:39:25.593 [payment-service] [main] INFO  o.a.kafka.common.utils.AppInfoParser - Kafka version: 3.6.1
2026-03-29 09:39:25.602 [payment-service] [main] INFO  o.a.kafka.common.utils.AppInfoParser - Kafka commitId: 5e3c2b738d253ff5
2026-03-29 09:39:25.607 [payment-service] [main] INFO  o.a.kafka.common.utils.AppInfoParser - Kafka startTimeMs: 1774777165486
2026-03-29 09:39:25.625 [order-service] [main] WARN  o.s.b.a.s.s.UserDetailsServiceAutoConfiguration - 

Using generated security password: 512ec707-d853-4130-9540-ab85f235c2e0

This generated password is for development use only. Your security configuration must be updated before running your application in production.

2026-03-29 09:39:25.629 [payment-service] [main] INFO  o.s.k.c.DefaultKafkaConsumerFactory$ExtendedKafkaConsumer - [Consumer clientId=consumer-payment-service-1, groupId=payment-service] Subscribed to topic(s): order.created
2026-03-29 09:39:25.747 [payment-service] [main] INFO  c.f.p.PaymentServiceApplication - Started PaymentServiceApplication in 23.43 seconds (process running for 25.369)
2026-03-29 09:39:25.776 [notification-service] [main] INFO  o.h.e.t.j.p.i.JtaPlatformInitiator - HHH000489: No JTA platform available (set 'hibernate.transaction.jta.platform' to enable JTA platform integration)
2026-03-29 09:39:26.469 [notification-service] [main] INFO  o.s.o.j.LocalContainerEntityManagerFactoryBean - Initialized JPA EntityManagerFactory for persistence unit 'default'
2026-03-29 09:39:26.592 [restaurant-service] [main] INFO  o.s.s.web.DefaultSecurityFilterChain - Will secure any request with [org.springframework.security.web.session.DisableEncodeUrlFilter@f09c282, org.springframework.security.web.context.request.async.WebAsyncManagerIntegrationFilter@560c3758, org.springframework.security.web.context.SecurityContextHolderFilter@49c555c3, org.springframework.security.web.header.HeaderWriterFilter@1028a747, org.springframework.web.filter.CorsFilter@43414b88, org.springframework.security.web.authentication.logout.LogoutFilter@3f3a529f, com.fooddelivery.restaurant_service.security.JwtAuthenticationFilter@7a3269f5, org.springframework.security.web.savedrequest.RequestCacheAwareFilter@724e0a77, org.springframework.security.web.servletapi.SecurityContextHolderAwareRequestFilter@762db992, org.springframework.security.web.authentication.AnonymousAuthenticationFilter@52a605c3, org.springframework.security.web.session.SessionManagementFilter@74070994, org.springframework.security.web.access.ExceptionTranslationFilter@71c69628, org.springframework.security.web.access.intercept.AuthorizationFilter@5f69462f]
2026-03-29 09:39:26.814 [order-service] [main] INFO  o.s.s.web.DefaultSecurityFilterChain - Will secure any request with [org.springframework.security.web.session.DisableEncodeUrlFilter@6418075c, org.springframework.security.web.context.request.async.WebAsyncManagerIntegrationFilter@f9919a2, org.springframework.security.web.context.SecurityContextHolderFilter@120661d2, org.springframework.security.web.header.HeaderWriterFilter@23263586, org.springframework.web.filter.CorsFilter@530ee11a, org.springframework.security.web.authentication.logout.LogoutFilter@5fdcc63f, com.fooddelivery.order_service.security.JwtAuthenticationFilter@270a620, org.springframework.security.web.savedrequest.RequestCacheAwareFilter@7715d43c, org.springframework.security.web.servletapi.SecurityContextHolderAwareRequestFilter@3763aafd, org.springframework.security.web.authentication.AnonymousAuthenticationFilter@54d116d5, org.springframework.security.web.session.SessionManagementFilter@599fab92, org.springframework.security.web.access.ExceptionTranslationFilter@a6d4547, org.springframework.security.web.access.intercept.AuthorizationFilter@1b18fa79]
2026-03-29 09:39:27.446 [payment-service] [org.springframework.kafka.KafkaListenerEndpointContainer#0-0-C-1] INFO  org.apache.kafka.clients.Metadata - [Consumer clientId=consumer-payment-service-1, groupId=payment-service] Cluster ID: BRcAGtddR1i6RSLLAdywdA
2026-03-29 09:39:27.470 [payment-service] [org.springframework.kafka.KafkaListenerEndpointContainer#0-0-C-1] INFO  o.a.k.c.c.i.ConsumerCoordinator - [Consumer clientId=consumer-payment-service-1, groupId=payment-service] Discovered group coordinator kafka:29092 (id: 2147483646 rack: null)
2026-03-29 09:39:27.490 [payment-service] [org.springframework.kafka.KafkaListenerEndpointContainer#0-0-C-1] INFO  o.a.k.c.c.i.ConsumerCoordinator - [Consumer clientId=consumer-payment-service-1, groupId=payment-service] (Re-)joining group
2026-03-29 09:39:27.731 [payment-service] [org.springframework.kafka.KafkaListenerEndpointContainer#0-0-C-1] INFO  o.a.k.c.c.i.ConsumerCoordinator - [Consumer clientId=consumer-payment-service-1, groupId=payment-service] Request joining group due to: need to re-join with the given member-id: consumer-payment-service-1-be50d4d3-9b42-4307-91e3-0c4b7704a91f
2026-03-29 09:39:27.746 [payment-service] [org.springframework.kafka.KafkaListenerEndpointContainer#0-0-C-1] INFO  o.a.k.c.c.i.ConsumerCoordinator - [Consumer clientId=consumer-payment-service-1, groupId=payment-service] Request joining group due to: rebalance failed due to 'The group member needs to have a valid member id before actually entering a consumer group.' (MemberIdRequiredException)
2026-03-29 09:39:27.757 [payment-service] [org.springframework.kafka.KafkaListenerEndpointContainer#0-0-C-1] INFO  o.a.k.c.c.i.ConsumerCoordinator - [Consumer clientId=consumer-payment-service-1, groupId=payment-service] (Re-)joining group
2026-03-29 09:39:28.140 [restaurant-service] [main] INFO  o.s.b.w.e.tomcat.TomcatWebServer - Tomcat started on port 8082 (http) with context path ''
2026-03-29 09:39:28.241 [restaurant-service] [main] INFO  c.f.r.RestaurantServiceApplication - Started RestaurantServiceApplication in 27.74 seconds (process running for 29.803)
2026-03-29 09:39:28.809 [order-service] [main] INFO  o.s.b.w.e.tomcat.TomcatWebServer - Tomcat started on port 8083 (http) with context path ''
2026-03-29 09:39:28.802 [auth-service] [main] INFO  o.s.b.a.e.web.EndpointLinksResolver - Exposing 1 endpoint beneath base path '/actuator'
2026-03-29 09:39:28.904 [order-service] [main] INFO  o.a.k.c.consumer.ConsumerConfig - ConsumerConfig values: 
	allow.auto.create.topics = true
	auto.commit.interval.ms = 5000
	auto.include.jmx.reporter = true
	auto.offset.reset = latest
	bootstrap.servers = [kafka:29092]
	check.crcs = true
	client.dns.lookup = use_all_dns_ips
	client.id = consumer-order-service-group-1
	client.rack = 
	connections.max.idle.ms = 540000
	default.api.timeout.ms = 60000
	enable.auto.commit = false
	exclude.internal.topics = true
	fetch.max.bytes = 52428800
	fetch.max.wait.ms = 500
	fetch.min.bytes = 1
	group.id = order-service-group
	group.instance.id = null
	heartbeat.interval.ms = 3000
	interceptor.classes = []
	internal.leave.group.on.close = true
	internal.throw.on.fetch.stable.offset.unsupported = false
	isolation.level = read_uncommitted
	key.deserializer = class org.apache.kafka.common.serialization.StringDeserializer
	max.partition.fetch.bytes = 1048576
	max.poll.interval.ms = 300000
	max.poll.records = 500
	metadata.max.age.ms = 300000
	metric.reporters = []
	metrics.num.samples = 2
	metrics.recording.level = INFO
	metrics.sample.window.ms = 30000
	partition.assignment.strategy = [class org.apache.kafka.clients.consumer.RangeAssignor, class org.apache.kafka.clients.consumer.CooperativeStickyAssignor]
	receive.buffer.bytes = 65536
	reconnect.backoff.max.ms = 1000
	reconnect.backoff.ms = 50
	request.timeout.ms = 30000
	retry.backoff.ms = 100
	sasl.client.callback.handler.class = null
	sasl.jaas.config = null
	sasl.kerberos.kinit.cmd = /usr/bin/kinit
	sasl.kerberos.min.time.before.relogin = 60000
	sasl.kerberos.service.name = null
	sasl.kerberos.ticket.renew.jitter = 0.05
	sasl.kerberos.ticket.renew.window.factor = 0.8
	sasl.login.callback.handler.class = null
	sasl.login.class = null
	sasl.login.connect.timeout.ms = null
	sasl.login.read.timeout.ms = null
	sasl.login.refresh.buffer.seconds = 300
	sasl.login.refresh.min.period.seconds = 60
	sasl.login.refresh.window.factor = 0.8
	sasl.login.refresh.window.jitter = 0.05
	sasl.login.retry.backoff.max.ms = 10000
	sasl.login.retry.backoff.ms = 100
	sasl.mechanism = GSSAPI
	sasl.oauthbearer.clock.skew.seconds = 30
	sasl.oauthbearer.expected.audience = null
	sasl.oauthbearer.expected.issuer = null
	sasl.oauthbearer.jwks.endpoint.refresh.ms = 3600000
	sasl.oauthbearer.jwks.endpoint.retry.backoff.max.ms = 10000
	sasl.oauthbearer.jwks.endpoint.retry.backoff.ms = 100
	sasl.oauthbearer.jwks.endpoint.url = null
	sasl.oauthbearer.scope.claim.name = scope
	sasl.oauthbearer.sub.claim.name = sub
	sasl.oauthbearer.token.endpoint.url = null
	security.protocol = PLAINTEXT
	security.providers = null
	send.buffer.bytes = 131072
	session.timeout.ms = 45000
	socket.connection.setup.timeout.max.ms = 30000
	socket.connection.setup.timeout.ms = 10000
	ssl.cipher.suites = null
	ssl.enabled.protocols = [TLSv1.2, TLSv1.3]
	ssl.endpoint.identification.algorithm = https
	ssl.engine.factory.class = null
	ssl.key.password = null
	ssl.keymanager.algorithm = SunX509
	ssl.keystore.certificate.chain = null
	ssl.keystore.key = null
	ssl.keystore.location = null
	ssl.keystore.password = null
	ssl.keystore.type = JKS
	ssl.protocol = TLSv1.3
	ssl.provider = null
	ssl.secure.random.implementation = null
	ssl.trustmanager.algorithm = PKIX
	ssl.truststore.certificates = null
	ssl.truststore.location = null
	ssl.truststore.password = null
	ssl.truststore.type = JKS
	value.deserializer = class org.springframework.kafka.support.serializer.JsonDeserializer

2026-03-29 09:39:29.030 [auth-service] [main] INFO  o.s.boot.tomcat.TomcatWebServer - Tomcat started on port 8081 (http) with context path '/'
2026-03-29 09:39:29.099 [auth-service] [main] INFO  c.f.a.AuthServiceApplication - Started AuthServiceApplication in 29.27 seconds (process running for 30.663)
2026-03-29 09:39:29.127 [notification-service] [main] WARN  o.s.b.a.o.j.JpaBaseConfiguration$JpaWebConfiguration - spring.jpa.open-in-view is enabled by default. Therefore, database queries may be performed during view rendering. Explicitly configure spring.jpa.open-in-view to disable this warning
2026-03-29 09:39:29.490 [order-service] [main] INFO  o.a.kafka.common.utils.AppInfoParser - Kafka version: 3.6.1
2026-03-29 09:39:29.493 [order-service] [main] INFO  o.a.kafka.common.utils.AppInfoParser - Kafka commitId: 5e3c2b738d253ff5
2026-03-29 09:39:29.494 [order-service] [main] INFO  o.a.kafka.common.utils.AppInfoParser - Kafka startTimeMs: 1774777169486
2026-03-29 09:39:29.500 [order-service] [main] INFO  o.s.k.c.DefaultKafkaConsumerFactory$ExtendedKafkaConsumer - [Consumer clientId=consumer-order-service-group-1, groupId=order-service-group] Subscribed to topic(s): payment-events
2026-03-29 09:39:29.596 [order-service] [main] INFO  c.f.o.OrderServiceApplication - Started OrderServiceApplication in 27.984 seconds (process running for 30.347)
2026-03-29 09:39:30.150 [order-service] [org.springframework.kafka.KafkaListenerEndpointContainer#0-0-C-1] INFO  org.apache.kafka.clients.Metadata - [Consumer clientId=consumer-order-service-group-1, groupId=order-service-group] Cluster ID: BRcAGtddR1i6RSLLAdywdA
2026-03-29 09:39:30.155 [order-service] [org.springframework.kafka.KafkaListenerEndpointContainer#0-0-C-1] INFO  o.a.k.c.c.i.ConsumerCoordinator - [Consumer clientId=consumer-order-service-group-1, groupId=order-service-group] Discovered group coordinator kafka:29092 (id: 2147483646 rack: null)
2026-03-29 09:39:30.160 [order-service] [org.springframework.kafka.KafkaListenerEndpointContainer#0-0-C-1] INFO  o.a.k.c.c.i.ConsumerCoordinator - [Consumer clientId=consumer-order-service-group-1, groupId=order-service-group] (Re-)joining group
2026-03-29 09:39:30.209 [order-service] [org.springframework.kafka.KafkaListenerEndpointContainer#0-0-C-1] INFO  o.a.k.c.c.i.ConsumerCoordinator - [Consumer clientId=consumer-order-service-group-1, groupId=order-service-group] Request joining group due to: need to re-join with the given member-id: consumer-order-service-group-1-aae2e8aa-a0c6-444f-8b8b-9aeddc07e4a7
2026-03-29 09:39:30.214 [order-service] [org.springframework.kafka.KafkaListenerEndpointContainer#0-0-C-1] INFO  o.a.k.c.c.i.ConsumerCoordinator - [Consumer clientId=consumer-order-service-group-1, groupId=order-service-group] Request joining group due to: rebalance failed due to 'The group member needs to have a valid member id before actually entering a consumer group.' (MemberIdRequiredException)
2026-03-29 09:39:30.217 [order-service] [org.springframework.kafka.KafkaListenerEndpointContainer#0-0-C-1] INFO  o.a.k.c.c.i.ConsumerCoordinator - [Consumer clientId=consumer-order-service-group-1, groupId=order-service-group] (Re-)joining group
2026-03-29 09:39:30.413 [notification-service] [main] INFO  o.s.b.a.e.web.EndpointLinksResolver - Exposing 1 endpoint(s) beneath base path '/actuator'
2026-03-29 09:39:30.561 [notification-service] [main] INFO  o.s.b.w.e.tomcat.TomcatWebServer - Tomcat started on port 8085 (http) with context path ''
2026-03-29 09:39:30.701 [notification-service] [main] INFO  o.a.k.c.consumer.ConsumerConfig - ConsumerConfig values: 
	allow.auto.create.topics = true
	auto.commit.interval.ms = 5000
	auto.include.jmx.reporter = true
	auto.offset.reset = latest
	bootstrap.servers = [kafka:29092]
	check.crcs = true
	client.dns.lookup = use_all_dns_ips
	client.id = consumer-notification-group-1
	client.rack = 
	connections.max.idle.ms = 540000
	default.api.timeout.ms = 60000
	enable.auto.commit = false
	exclude.internal.topics = true
	fetch.max.bytes = 52428800
	fetch.max.wait.ms = 500
	fetch.min.bytes = 1
	group.id = notification-group
	group.instance.id = null
	heartbeat.interval.ms = 3000
	interceptor.classes = []
	internal.leave.group.on.close = true
	internal.throw.on.fetch.stable.offset.unsupported = false
	isolation.level = read_uncommitted
	key.deserializer = class org.apache.kafka.common.serialization.StringDeserializer
	max.partition.fetch.bytes = 1048576
	max.poll.interval.ms = 300000
	max.poll.records = 500
	metadata.max.age.ms = 300000
	metric.reporters = []
	metrics.num.samples = 2
	metrics.recording.level = INFO
	metrics.sample.window.ms = 30000
	partition.assignment.strategy = [class org.apache.kafka.clients.consumer.RangeAssignor, class org.apache.kafka.clients.consumer.CooperativeStickyAssignor]
	receive.buffer.bytes = 65536
	reconnect.backoff.max.ms = 1000
	reconnect.backoff.ms = 50
	request.timeout.ms = 30000
	retry.backoff.ms = 100
	sasl.client.callback.handler.class = null
	sasl.jaas.config = null
	sasl.kerberos.kinit.cmd = /usr/bin/kinit
	sasl.kerberos.min.time.before.relogin = 60000
	sasl.kerberos.service.name = null
	sasl.kerberos.ticket.renew.jitter = 0.05
	sasl.kerberos.ticket.renew.window.factor = 0.8
	sasl.login.callback.handler.class = null
	sasl.login.class = null
	sasl.login.connect.timeout.ms = null
	sasl.login.read.timeout.ms = null
	sasl.login.refresh.buffer.seconds = 300
	sasl.login.refresh.min.period.seconds = 60
	sasl.login.refresh.window.factor = 0.8
	sasl.login.refresh.window.jitter = 0.05
	sasl.login.retry.backoff.max.ms = 10000
	sasl.login.retry.backoff.ms = 100
	sasl.mechanism = GSSAPI
	sasl.oauthbearer.clock.skew.seconds = 30
	sasl.oauthbearer.expected.audience = null
	sasl.oauthbearer.expected.issuer = null
	sasl.oauthbearer.jwks.endpoint.refresh.ms = 3600000
	sasl.oauthbearer.jwks.endpoint.retry.backoff.max.ms = 10000
	sasl.oauthbearer.jwks.endpoint.retry.backoff.ms = 100
	sasl.oauthbearer.jwks.endpoint.url = null
	sasl.oauthbearer.scope.claim.name = scope
	sasl.oauthbearer.sub.claim.name = sub
	sasl.oauthbearer.token.endpoint.url = null
	security.protocol = PLAINTEXT
	security.providers = null
	send.buffer.bytes = 131072
	session.timeout.ms = 45000
	socket.connection.setup.timeout.max.ms = 30000
	socket.connection.setup.timeout.ms = 10000
	ssl.cipher.suites = null
	ssl.enabled.protocols = [TLSv1.2, TLSv1.3]
	ssl.endpoint.identification.algorithm = https
	ssl.engine.factory.class = null
	ssl.key.password = null
	ssl.keymanager.algorithm = SunX509
	ssl.keystore.certificate.chain = null
	ssl.keystore.key = null
	ssl.keystore.location = null
	ssl.keystore.password = null
	ssl.keystore.type = JKS
	ssl.protocol = TLSv1.3
	ssl.provider = null
	ssl.secure.random.implementation = null
	ssl.trustmanager.algorithm = PKIX
	ssl.truststore.certificates = null
	ssl.truststore.location = null
	ssl.truststore.password = null
	ssl.truststore.type = JKS
	value.deserializer = class org.apache.kafka.common.serialization.StringDeserializer

2026-03-29 09:39:30.865 [payment-service] [org.springframework.kafka.KafkaListenerEndpointContainer#0-0-C-1] INFO  o.a.k.c.c.i.ConsumerCoordinator - [Consumer clientId=consumer-payment-service-1, groupId=payment-service] Successfully joined group with generation Generation{generationId=5, memberId='consumer-payment-service-1-be50d4d3-9b42-4307-91e3-0c4b7704a91f', protocol='range'}
2026-03-29 09:39:30.938 [payment-service] [org.springframework.kafka.KafkaListenerEndpointContainer#0-0-C-1] INFO  o.a.k.c.c.i.ConsumerCoordinator - [Consumer clientId=consumer-payment-service-1, groupId=payment-service] Finished assignment for group at generation 5: {consumer-payment-service-1-be50d4d3-9b42-4307-91e3-0c4b7704a91f=Assignment(partitions=[order.created-0])}
2026-03-29 09:39:30.955 [notification-service] [main] INFO  o.a.kafka.common.utils.AppInfoParser - Kafka version: 3.6.1
2026-03-29 09:39:30.956 [notification-service] [main] INFO  o.a.kafka.common.utils.AppInfoParser - Kafka commitId: 5e3c2b738d253ff5
2026-03-29 09:39:30.957 [notification-service] [main] INFO  o.a.kafka.common.utils.AppInfoParser - Kafka startTimeMs: 1774777170954
2026-03-29 09:39:30.959 [notification-service] [main] INFO  o.s.k.c.DefaultKafkaConsumerFactory$ExtendedKafkaConsumer - [Consumer clientId=consumer-notification-group-1, groupId=notification-group] Subscribed to topic(s): order-created
2026-03-29 09:39:31.064 [notification-service] [main] INFO  o.a.k.c.consumer.ConsumerConfig - ConsumerConfig values: 
	allow.auto.create.topics = true
	auto.commit.interval.ms = 5000
	auto.include.jmx.reporter = true
	auto.offset.reset = latest
	bootstrap.servers = [kafka:29092]
	check.crcs = true
	client.dns.lookup = use_all_dns_ips
	client.id = consumer-notification-group-2
	client.rack = 
	connections.max.idle.ms = 540000
	default.api.timeout.ms = 60000
	enable.auto.commit = false
	exclude.internal.topics = true
	fetch.max.bytes = 52428800
	fetch.max.wait.ms = 500
	fetch.min.bytes = 1
	group.id = notification-group
	group.instance.id = null
	heartbeat.interval.ms = 3000
	interceptor.classes = []
	internal.leave.group.on.close = true
	internal.throw.on.fetch.stable.offset.unsupported = false
	isolation.level = read_uncommitted
	key.deserializer = class org.apache.kafka.common.serialization.StringDeserializer
	max.partition.fetch.bytes = 1048576
	max.poll.interval.ms = 300000
	max.poll.records = 500
	metadata.max.age.ms = 300000
	metric.reporters = []
	metrics.num.samples = 2
	metrics.recording.level = INFO
	metrics.sample.window.ms = 30000
	partition.assignment.strategy = [class org.apache.kafka.clients.consumer.RangeAssignor, class org.apache.kafka.clients.consumer.CooperativeStickyAssignor]
	receive.buffer.bytes = 65536
	reconnect.backoff.max.ms = 1000
	reconnect.backoff.ms = 50
	request.timeout.ms = 30000
	retry.backoff.ms = 100
	sasl.client.callback.handler.class = null
	sasl.jaas.config = null
	sasl.kerberos.kinit.cmd = /usr/bin/kinit
	sasl.kerberos.min.time.before.relogin = 60000
	sasl.kerberos.service.name = null
	sasl.kerberos.ticket.renew.jitter = 0.05
	sasl.kerberos.ticket.renew.window.factor = 0.8
	sasl.login.callback.handler.class = null
	sasl.login.class = null
	sasl.login.connect.timeout.ms = null
	sasl.login.read.timeout.ms = null
	sasl.login.refresh.buffer.seconds = 300
	sasl.login.refresh.min.period.seconds = 60
	sasl.login.refresh.window.factor = 0.8
	sasl.login.refresh.window.jitter = 0.05
	sasl.login.retry.backoff.max.ms = 10000
	sasl.login.retry.backoff.ms = 100
	sasl.mechanism = GSSAPI
	sasl.oauthbearer.clock.skew.seconds = 30
	sasl.oauthbearer.expected.audience = null
	sasl.oauthbearer.expected.issuer = null
	sasl.oauthbearer.jwks.endpoint.refresh.ms = 3600000
	sasl.oauthbearer.jwks.endpoint.retry.backoff.max.ms = 10000
	sasl.oauthbearer.jwks.endpoint.retry.backoff.ms = 100
	sasl.oauthbearer.jwks.endpoint.url = null
	sasl.oauthbearer.scope.claim.name = scope
	sasl.oauthbearer.sub.claim.name = sub
	sasl.oauthbearer.token.endpoint.url = null
	security.protocol = PLAINTEXT
	security.providers = null
	send.buffer.bytes = 131072
	session.timeout.ms = 45000
	socket.connection.setup.timeout.max.ms = 30000
	socket.connection.setup.timeout.ms = 10000
	ssl.cipher.suites = null
	ssl.enabled.protocols = [TLSv1.2, TLSv1.3]
	ssl.endpoint.identification.algorithm = https
	ssl.engine.factory.class = null
	ssl.key.password = null
	ssl.keymanager.algorithm = SunX509
	ssl.keystore.certificate.chain = null
	ssl.keystore.key = null
	ssl.keystore.location = null
	ssl.keystore.password = null
	ssl.keystore.type = JKS
	ssl.protocol = TLSv1.3
	ssl.provider = null
	ssl.secure.random.implementation = null
	ssl.trustmanager.algorithm = PKIX
	ssl.truststore.certificates = null
	ssl.truststore.location = null
	ssl.truststore.password = null
	ssl.truststore.type = JKS
	value.deserializer = class org.apache.kafka.common.serialization.StringDeserializer

2026-03-29 09:39:31.111 [notification-service] [main] INFO  o.a.kafka.common.utils.AppInfoParser - Kafka version: 3.6.1
2026-03-29 09:39:31.111 [notification-service] [main] INFO  o.a.kafka.common.utils.AppInfoParser - Kafka commitId: 5e3c2b738d253ff5
2026-03-29 09:39:31.112 [notification-service] [main] INFO  o.a.kafka.common.utils.AppInfoParser - Kafka startTimeMs: 1774777171111
2026-03-29 09:39:31.113 [notification-service] [main] INFO  o.s.k.c.DefaultKafkaConsumerFactory$ExtendedKafkaConsumer - [Consumer clientId=consumer-notification-group-2, groupId=notification-group] Subscribed to topic(s): payment-status
2026-03-29 09:39:31.126 [payment-service] [org.springframework.kafka.KafkaListenerEndpointContainer#0-0-C-1] INFO  o.a.k.c.c.i.ConsumerCoordinator - [Consumer clientId=consumer-payment-service-1, groupId=payment-service] Successfully synced group in generation Generation{generationId=5, memberId='consumer-payment-service-1-be50d4d3-9b42-4307-91e3-0c4b7704a91f', protocol='range'}
2026-03-29 09:39:31.128 [payment-service] [org.springframework.kafka.KafkaListenerEndpointContainer#0-0-C-1] INFO  o.a.k.c.c.i.ConsumerCoordinator - [Consumer clientId=consumer-payment-service-1, groupId=payment-service] Notifying assignor about the new Assignment(partitions=[order.created-0])
2026-03-29 09:39:31.146 [payment-service] [org.springframework.kafka.KafkaListenerEndpointContainer#0-0-C-1] INFO  o.a.k.c.c.i.ConsumerCoordinator - [Consumer clientId=consumer-payment-service-1, groupId=payment-service] Adding newly assigned partitions: order.created-0
2026-03-29 09:39:31.150 [notification-service] [main] INFO  c.f.n.NotificationServiceApplication - Started NotificationServiceApplication in 29.953 seconds (process running for 32.714)
2026-03-29 09:39:31.203 [payment-service] [org.springframework.kafka.KafkaListenerEndpointContainer#0-0-C-1] INFO  o.a.k.c.c.i.ConsumerCoordinator - [Consumer clientId=consumer-payment-service-1, groupId=payment-service] Found no committed offset for partition order.created-0
2026-03-29 09:39:31.235 [payment-service] [org.springframework.kafka.KafkaListenerEndpointContainer#0-0-C-1] INFO  o.a.k.c.c.i.SubscriptionState - [Consumer clientId=consumer-payment-service-1, groupId=payment-service] Resetting offset for partition order.created-0 to position FetchPosition{offset=0, offsetEpoch=Optional.empty, currentLeader=LeaderAndEpoch{leader=Optional[kafka:29092 (id: 1 rack: null)], epoch=0}}.
2026-03-29 09:39:31.278 [payment-service] [org.springframework.kafka.KafkaListenerEndpointContainer#0-0-C-1] INFO  o.s.k.l.KafkaMessageListenerContainer - payment-service: partitions assigned: [order.created-0]
2026-03-29 09:39:32.183 [notification-service] [org.springframework.kafka.KafkaListenerEndpointContainer#1-0-C-1] INFO  org.apache.kafka.clients.Metadata - [Consumer clientId=consumer-notification-group-2, groupId=notification-group] Cluster ID: BRcAGtddR1i6RSLLAdywdA
2026-03-29 09:39:32.183 [notification-service] [org.springframework.kafka.KafkaListenerEndpointContainer#0-0-C-1] INFO  org.apache.kafka.clients.Metadata - [Consumer clientId=consumer-notification-group-1, groupId=notification-group] Cluster ID: BRcAGtddR1i6RSLLAdywdA
2026-03-29 09:39:32.185 [notification-service] [org.springframework.kafka.KafkaListenerEndpointContainer#0-0-C-1] INFO  o.a.k.c.c.i.ConsumerCoordinator - [Consumer clientId=consumer-notification-group-1, groupId=notification-group] Discovered group coordinator kafka:29092 (id: 2147483646 rack: null)
2026-03-29 09:39:32.185 [notification-service] [org.springframework.kafka.KafkaListenerEndpointContainer#1-0-C-1] INFO  o.a.k.c.c.i.ConsumerCoordinator - [Consumer clientId=consumer-notification-group-2, groupId=notification-group] Discovered group coordinator kafka:29092 (id: 2147483646 rack: null)
2026-03-29 09:39:32.187 [notification-service] [org.springframework.kafka.KafkaListenerEndpointContainer#1-0-C-1] INFO  o.a.k.c.c.i.ConsumerCoordinator - [Consumer clientId=consumer-notification-group-2, groupId=notification-group] (Re-)joining group
2026-03-29 09:39:32.187 [notification-service] [org.springframework.kafka.KafkaListenerEndpointContainer#0-0-C-1] INFO  o.a.k.c.c.i.ConsumerCoordinator - [Consumer clientId=consumer-notification-group-1, groupId=notification-group] (Re-)joining group
2026-03-29 09:39:32.202 [notification-service] [org.springframework.kafka.KafkaListenerEndpointContainer#0-0-C-1] INFO  o.a.k.c.c.i.ConsumerCoordinator - [Consumer clientId=consumer-notification-group-1, groupId=notification-group] Request joining group due to: need to re-join with the given member-id: consumer-notification-group-1-952fc411-33c8-4d0f-a5a5-b60ff356c045
2026-03-29 09:39:32.203 [notification-service] [org.springframework.kafka.KafkaListenerEndpointContainer#1-0-C-1] INFO  o.a.k.c.c.i.ConsumerCoordinator - [Consumer clientId=consumer-notification-group-2, groupId=notification-group] Request joining group due to: need to re-join with the given member-id: consumer-notification-group-2-b92ce2a2-99a6-4da3-b58d-0aae6e6eec92
2026-03-29 09:39:32.203 [notification-service] [org.springframework.kafka.KafkaListenerEndpointContainer#0-0-C-1] INFO  o.a.k.c.c.i.ConsumerCoordinator - [Consumer clientId=consumer-notification-group-1, groupId=notification-group] Request joining group due to: rebalance failed due to 'The group member needs to have a valid member id before actually entering a consumer group.' (MemberIdRequiredException)
2026-03-29 09:39:32.205 [notification-service] [org.springframework.kafka.KafkaListenerEndpointContainer#1-0-C-1] INFO  o.a.k.c.c.i.ConsumerCoordinator - [Consumer clientId=consumer-notification-group-2, groupId=notification-group] Request joining group due to: rebalance failed due to 'The group member needs to have a valid member id before actually entering a consumer group.' (MemberIdRequiredException)
2026-03-29 09:39:32.205 [notification-service] [org.springframework.kafka.KafkaListenerEndpointContainer#0-0-C-1] INFO  o.a.k.c.c.i.ConsumerCoordinator - [Consumer clientId=consumer-notification-group-1, groupId=notification-group] (Re-)joining group
2026-03-29 09:39:32.206 [notification-service] [org.springframework.kafka.KafkaListenerEndpointContainer#1-0-C-1] INFO  o.a.k.c.c.i.ConsumerCoordinator - [Consumer clientId=consumer-notification-group-2, groupId=notification-group] (Re-)joining group
2026-03-29 09:39:33.248 [order-service] [org.springframework.kafka.KafkaListenerEndpointContainer#0-0-C-1] INFO  o.a.k.c.c.i.ConsumerCoordinator - [Consumer clientId=consumer-order-service-group-1, groupId=order-service-group] Successfully joined group with generation Generation{generationId=4, memberId='consumer-order-service-group-1-aae2e8aa-a0c6-444f-8b8b-9aeddc07e4a7', protocol='range'}
2026-03-29 09:39:33.289 [order-service] [org.springframework.kafka.KafkaListenerEndpointContainer#0-0-C-1] INFO  o.a.k.c.c.i.ConsumerCoordinator - [Consumer clientId=consumer-order-service-group-1, groupId=order-service-group] Finished assignment for group at generation 4: {consumer-order-service-group-1-aae2e8aa-a0c6-444f-8b8b-9aeddc07e4a7=Assignment(partitions=[payment-events-0])}
2026-03-29 09:39:33.324 [order-service] [org.springframework.kafka.KafkaListenerEndpointContainer#0-0-C-1] INFO  o.a.k.c.c.i.ConsumerCoordinator - [Consumer clientId=consumer-order-service-group-1, groupId=order-service-group] Successfully synced group in generation Generation{generationId=4, memberId='consumer-order-service-group-1-aae2e8aa-a0c6-444f-8b8b-9aeddc07e4a7', protocol='range'}
2026-03-29 09:39:33.331 [order-service] [org.springframework.kafka.KafkaListenerEndpointContainer#0-0-C-1] INFO  o.a.k.c.c.i.ConsumerCoordinator - [Consumer clientId=consumer-order-service-group-1, groupId=order-service-group] Notifying assignor about the new Assignment(partitions=[payment-events-0])
2026-03-29 09:39:33.335 [order-service] [org.springframework.kafka.KafkaListenerEndpointContainer#0-0-C-1] INFO  o.a.k.c.c.i.ConsumerCoordinator - [Consumer clientId=consumer-order-service-group-1, groupId=order-service-group] Adding newly assigned partitions: payment-events-0
2026-03-29 09:39:33.397 [order-service] [org.springframework.kafka.KafkaListenerEndpointContainer#0-0-C-1] INFO  o.a.k.c.c.i.ConsumerCoordinator - [Consumer clientId=consumer-order-service-group-1, groupId=order-service-group] Setting offset for partition payment-events-0 to the committed offset FetchPosition{offset=0, offsetEpoch=Optional.empty, currentLeader=LeaderAndEpoch{leader=Optional[kafka:29092 (id: 1 rack: null)], epoch=0}}
2026-03-29 09:39:33.401 [order-service] [org.springframework.kafka.KafkaListenerEndpointContainer#0-0-C-1] INFO  o.s.k.l.KafkaMessageListenerContainer - order-service-group: partitions assigned: [payment-events-0]
2026-03-29 09:39:35.238 [notification-service] [org.springframework.kafka.KafkaListenerEndpointContainer#1-0-C-1] INFO  o.a.k.c.c.i.ConsumerCoordinator - [Consumer clientId=consumer-notification-group-2, groupId=notification-group] Successfully joined group with generation Generation{generationId=4, memberId='consumer-notification-group-2-b92ce2a2-99a6-4da3-b58d-0aae6e6eec92', protocol='range'}
2026-03-29 09:39:35.240 [notification-service] [org.springframework.kafka.KafkaListenerEndpointContainer#0-0-C-1] INFO  o.a.k.c.c.i.ConsumerCoordinator - [Consumer clientId=consumer-notification-group-1, groupId=notification-group] Successfully joined group with generation Generation{generationId=4, memberId='consumer-notification-group-1-952fc411-33c8-4d0f-a5a5-b60ff356c045', protocol='range'}
2026-03-29 09:39:35.274 [notification-service] [org.springframework.kafka.KafkaListenerEndpointContainer#0-0-C-1] INFO  o.a.k.c.c.i.ConsumerCoordinator - [Consumer clientId=consumer-notification-group-1, groupId=notification-group] Finished assignment for group at generation 4: {consumer-notification-group-2-b92ce2a2-99a6-4da3-b58d-0aae6e6eec92=Assignment(partitions=[payment-status-0]), consumer-notification-group-1-952fc411-33c8-4d0f-a5a5-b60ff356c045=Assignment(partitions=[order-created-0])}
2026-03-29 09:39:35.287 [notification-service] [org.springframework.kafka.KafkaListenerEndpointContainer#0-0-C-1] INFO  o.a.k.c.c.i.ConsumerCoordinator - [Consumer clientId=consumer-notification-group-1, groupId=notification-group] Successfully synced group in generation Generation{generationId=4, memberId='consumer-notification-group-1-952fc411-33c8-4d0f-a5a5-b60ff356c045', protocol='range'}
2026-03-29 09:39:35.287 [notification-service] [org.springframework.kafka.KafkaListenerEndpointContainer#1-0-C-1] INFO  o.a.k.c.c.i.ConsumerCoordinator - [Consumer clientId=consumer-notification-group-2, groupId=notification-group] Successfully synced group in generation Generation{generationId=4, memberId='consumer-notification-group-2-b92ce2a2-99a6-4da3-b58d-0aae6e6eec92', protocol='range'}
2026-03-29 09:39:35.288 [notification-service] [org.springframework.kafka.KafkaListenerEndpointContainer#1-0-C-1] INFO  o.a.k.c.c.i.ConsumerCoordinator - [Consumer clientId=consumer-notification-group-2, groupId=notification-group] Notifying assignor about the new Assignment(partitions=[payment-status-0])
2026-03-29 09:39:35.288 [notification-service] [org.springframework.kafka.KafkaListenerEndpointContainer#0-0-C-1] INFO  o.a.k.c.c.i.ConsumerCoordinator - [Consumer clientId=consumer-notification-group-1, groupId=notification-group] Notifying assignor about the new Assignment(partitions=[order-created-0])
2026-03-29 09:39:35.296 [notification-service] [org.springframework.kafka.KafkaListenerEndpointContainer#1-0-C-1] INFO  o.a.k.c.c.i.ConsumerCoordinator - [Consumer clientId=consumer-notification-group-2, groupId=notification-group] Adding newly assigned partitions: payment-status-0
2026-03-29 09:39:35.296 [notification-service] [org.springframework.kafka.KafkaListenerEndpointContainer#0-0-C-1] INFO  o.a.k.c.c.i.ConsumerCoordinator - [Consumer clientId=consumer-notification-group-1, groupId=notification-group] Adding newly assigned partitions: order-created-0
2026-03-29 09:39:35.310 [notification-service] [org.springframework.kafka.KafkaListenerEndpointContainer#0-0-C-1] INFO  o.a.k.c.c.i.ConsumerCoordinator - [Consumer clientId=consumer-notification-group-1, groupId=notification-group] Setting offset for partition order-created-0 to the committed offset FetchPosition{offset=0, offsetEpoch=Optional.empty, currentLeader=LeaderAndEpoch{leader=Optional[kafka:29092 (id: 1 rack: null)], epoch=0}}
2026-03-29 09:39:35.310 [notification-service] [org.springframework.kafka.KafkaListenerEndpointContainer#1-0-C-1] INFO  o.a.k.c.c.i.ConsumerCoordinator - [Consumer clientId=consumer-notification-group-2, groupId=notification-group] Setting offset for partition payment-status-0 to the committed offset FetchPosition{offset=0, offsetEpoch=Optional.empty, currentLeader=LeaderAndEpoch{leader=Optional[kafka:29092 (id: 1 rack: null)], epoch=0}}
2026-03-29 09:39:35.316 [notification-service] [org.springframework.kafka.KafkaListenerEndpointContainer#0-0-C-1] INFO  o.s.k.l.KafkaMessageListenerContainer - notification-group: partitions assigned: [order-created-0]
2026-03-29 09:39:35.316 [notification-service] [org.springframework.kafka.KafkaListenerEndpointContainer#1-0-C-1] INFO  o.s.k.l.KafkaMessageListenerContainer - notification-group: partitions assigned: [payment-status-0]
2026-03-29 09:40:41.107 [restaurant-service] [http-nio-8082-exec-1] INFO  o.a.c.c.C.[Tomcat].[localhost].[/] - Initializing Spring DispatcherServlet 'dispatcherServlet'
2026-03-29 09:40:41.120 [restaurant-service] [http-nio-8082-exec-1] INFO  o.s.web.servlet.DispatcherServlet - Initializing Servlet 'dispatcherServlet'
2026-03-29 09:40:41.205 [restaurant-service] [http-nio-8082-exec-1] INFO  o.s.web.servlet.DispatcherServlet - Completed initialization in 83 ms
2026-03-29 09:42:01.385 [auth-service] [SpringApplicationShutdownHook] INFO  o.s.boot.tomcat.GracefulShutdown - Commencing graceful shutdown. Waiting for active requests to complete
2026-03-29 09:42:04.601 [auth-service] [main] INFO  c.f.a.AuthServiceApplication - Starting AuthServiceApplication v0.0.1-SNAPSHOT using Java 17.0.18 with PID 1 (/app/app.jar started by root in /app)
2026-03-29 09:42:04.609 [auth-service] [main] INFO  c.f.a.AuthServiceApplication - No active profile set, falling back to 1 default profile: "default"
2026-03-29 09:42:06.129 [auth-service] [main] INFO  o.s.d.r.c.RepositoryConfigurationDelegate - Bootstrapping Spring Data JPA repositories in DEFAULT mode.
2026-03-29 09:42:06.194 [auth-service] [main] INFO  o.s.d.r.c.RepositoryConfigurationDelegate - Finished Spring Data repository scanning in 47 ms. Found 1 JPA repository interface.
2026-03-29 09:42:06.889 [auth-service] [main] INFO  o.s.boot.tomcat.TomcatWebServer - Tomcat initialized with port 8081 (http)
2026-03-29 09:42:06.908 [auth-service] [main] INFO  o.a.catalina.core.StandardService - Starting service [Tomcat]
2026-03-29 09:42:06.908 [auth-service] [main] INFO  o.a.catalina.core.StandardEngine - Starting Servlet engine: [Apache Tomcat/11.0.14]
2026-03-29 09:42:06.934 [auth-service] [main] INFO  o.s.b.w.c.s.WebApplicationContextInitializer - Root WebApplicationContext: initialization completed in 2271 ms
2026-03-29 09:42:07.075 [auth-service] [main] INFO  o.h.jpa.internal.util.LogHelper - HHH000204: Processing PersistenceUnitInfo [name: default]
2026-03-29 09:42:07.139 [auth-service] [main] INFO  org.hibernate.Version - HHH000412: Hibernate ORM core version 7.1.8.Final
2026-03-29 09:42:07.815 [auth-service] [main] INFO  o.s.o.j.p.SpringPersistenceUnitInfo - No LoadTimeWeaver setup: ignoring JPA class transformer
2026-03-29 09:42:07.900 [auth-service] [main] INFO  com.zaxxer.hikari.HikariDataSource - HikariPool-1 - Starting...
2026-03-29 09:42:08.253 [auth-service] [main] INFO  com.zaxxer.hikari.pool.HikariPool - HikariPool-1 - Added connection com.mysql.cj.jdbc.ConnectionImpl@60f3239f
2026-03-29 09:42:08.256 [auth-service] [main] INFO  com.zaxxer.hikari.HikariDataSource - HikariPool-1 - Start completed.
2026-03-29 09:42:08.379 [auth-service] [main] WARN  org.hibernate.orm.deprecation - HHH90000025: MySQLDialect does not need to be specified explicitly using 'hibernate.dialect' (remove the property setting and it will be selected by default)
2026-03-29 09:42:08.411 [auth-service] [main] INFO  o.hibernate.orm.connections.pooling - HHH10001005: Database info:
	Database JDBC URL [jdbc:mysql://mysql-db:3306/auth_db?autoReconnect=true&useSSL=false&allowPublicKeyRetrieval=true]
	Database driver: MySQL Connector/J
	Database dialect: MySQLDialect
	Database version: 8.0.45
	Default catalog/schema: auth_db/undefined
	Autocommit mode: undefined/unknown
	Isolation level: REPEATABLE_READ [default REPEATABLE_READ]
	JDBC fetch size: none
	Pool: DatasourceConnectionProviderImpl
	Minimum pool size: undefined/unknown
	Maximum pool size: undefined/unknown
2026-03-29 09:42:09.284 [auth-service] [main] INFO  o.h.e.t.j.p.i.JtaPlatformInitiator - HHH000489: No JTA platform available (set 'hibernate.transaction.jta.platform' to enable JTA platform integration)
2026-03-29 09:42:09.374 [auth-service] [main] INFO  o.s.o.j.LocalContainerEntityManagerFactoryBean - Initialized JPA EntityManagerFactory for persistence unit 'default'
2026-03-29 09:42:09.420 [auth-service] [main] INFO  o.s.d.j.r.q.QueryEnhancerFactories - Hibernate is in classpath; If applicable, HQL parser will be used.
2026-03-29 09:42:09.625 [auth-service] [main] INFO  o.s.s.c.a.a.c.InitializeUserDetailsBeanManagerConfigurer$InitializeUserDetailsManagerConfigurer - Global AuthenticationManager configured with UserDetailsService bean with name customUserDetailsService
2026-03-29 09:42:09.654 [auth-service] [main] WARN  o.s.b.j.a.JpaBaseConfiguration$JpaWebConfiguration - spring.jpa.open-in-view is enabled by default. Therefore, database queries may be performed during view rendering. Explicitly configure spring.jpa.open-in-view to disable this warning
2026-03-29 09:42:10.172 [auth-service] [main] INFO  o.s.b.a.e.web.EndpointLinksResolver - Exposing 1 endpoint beneath base path '/actuator'
2026-03-29 09:42:10.234 [auth-service] [main] INFO  o.s.boot.tomcat.TomcatWebServer - Tomcat started on port 8081 (http) with context path '/'
2026-03-29 09:42:10.241 [auth-service] [main] INFO  c.f.a.AuthServiceApplication - Started AuthServiceApplication in 6.242 seconds (process running for 7.82)
2026-03-29 09:42:29.606 [auth-service] [SpringApplicationShutdownHook] INFO  o.s.boot.tomcat.GracefulShutdown - Commencing graceful shutdown. Waiting for active requests to complete
2026-03-29 09:42:29.624 [auth-service] [tomcat-shutdown] INFO  o.s.boot.tomcat.GracefulShutdown - Graceful shutdown complete
2026-03-29 09:42:29.635 [auth-service] [SpringApplicationShutdownHook] INFO  o.s.o.j.LocalContainerEntityManagerFactoryBean - Closing JPA EntityManagerFactory for persistence unit 'default'
2026-03-29 09:42:29.643 [auth-service] [SpringApplicationShutdownHook] INFO  com.zaxxer.hikari.HikariDataSource - HikariPool-1 - Shutdown initiated...
2026-03-29 09:42:29.664 [auth-service] [SpringApplicationShutdownHook] INFO  com.zaxxer.hikari.HikariDataSource - HikariPool-1 - Shutdown completed.
2026-03-29 09:42:31.001 [auth-service] [main] INFO  c.f.a.AuthServiceApplication - Starting AuthServiceApplication v0.0.1-SNAPSHOT using Java 17.0.18 with PID 1 (/app/app.jar started by root in /app)
2026-03-29 09:42:31.004 [auth-service] [main] INFO  c.f.a.AuthServiceApplication - No active profile set, falling back to 1 default profile: "default"
2026-03-29 09:42:31.478 [auth-service] [main] INFO  o.s.d.r.c.RepositoryConfigurationDelegate - Bootstrapping Spring Data JPA repositories in DEFAULT mode.
2026-03-29 09:42:31.520 [auth-service] [main] INFO  o.s.d.r.c.RepositoryConfigurationDelegate - Finished Spring Data repository scanning in 33 ms. Found 1 JPA repository interface.
2026-03-29 09:42:31.980 [auth-service] [main] INFO  o.s.boot.tomcat.TomcatWebServer - Tomcat initialized with port 8081 (http)
2026-03-29 09:42:31.989 [auth-service] [main] INFO  o.a.catalina.core.StandardService - Starting service [Tomcat]
2026-03-29 09:42:31.990 [auth-service] [main] INFO  o.a.catalina.core.StandardEngine - Starting Servlet engine: [Apache Tomcat/11.0.14]
2026-03-29 09:42:32.012 [auth-service] [main] INFO  o.s.b.w.c.s.WebApplicationContextInitializer - Root WebApplicationContext: initialization completed in 979 ms
2026-03-29 09:42:32.130 [auth-service] [main] INFO  o.h.jpa.internal.util.LogHelper - HHH000204: Processing PersistenceUnitInfo [name: default]
2026-03-29 09:42:32.173 [auth-service] [main] INFO  org.hibernate.Version - HHH000412: Hibernate ORM core version 7.1.8.Final
2026-03-29 09:42:32.475 [auth-service] [main] INFO  o.s.o.j.p.SpringPersistenceUnitInfo - No LoadTimeWeaver setup: ignoring JPA class transformer
2026-03-29 09:42:32.499 [auth-service] [main] INFO  com.zaxxer.hikari.HikariDataSource - HikariPool-1 - Starting...
2026-03-29 09:42:32.597 [auth-service] [main] INFO  com.zaxxer.hikari.pool.HikariPool - HikariPool-1 - Added connection com.mysql.cj.jdbc.ConnectionImpl@5059d398
2026-03-29 09:42:32.599 [auth-service] [main] INFO  com.zaxxer.hikari.HikariDataSource - HikariPool-1 - Start completed.
2026-03-29 09:42:32.631 [auth-service] [main] WARN  org.hibernate.orm.deprecation - HHH90000025: MySQLDialect does not need to be specified explicitly using 'hibernate.dialect' (remove the property setting and it will be selected by default)
2026-03-29 09:42:32.645 [auth-service] [main] INFO  o.hibernate.orm.connections.pooling - HHH10001005: Database info:
	Database JDBC URL [jdbc:mysql://mysql-db:3306/auth_db?autoReconnect=true&useSSL=false&allowPublicKeyRetrieval=true]
	Database driver: MySQL Connector/J
	Database dialect: MySQLDialect
	Database version: 8.0.45
	Default catalog/schema: auth_db/undefined
	Autocommit mode: undefined/unknown
	Isolation level: REPEATABLE_READ [default REPEATABLE_READ]
	JDBC fetch size: none
	Pool: DatasourceConnectionProviderImpl
	Minimum pool size: undefined/unknown
	Maximum pool size: undefined/unknown
2026-03-29 09:42:33.476 [auth-service] [main] INFO  o.h.e.t.j.p.i.JtaPlatformInitiator - HHH000489: No JTA platform available (set 'hibernate.transaction.jta.platform' to enable JTA platform integration)
2026-03-29 09:42:33.527 [auth-service] [main] INFO  o.s.o.j.LocalContainerEntityManagerFactoryBean - Initialized JPA EntityManagerFactory for persistence unit 'default'
2026-03-29 09:42:33.581 [auth-service] [main] INFO  o.s.d.j.r.q.QueryEnhancerFactories - Hibernate is in classpath; If applicable, HQL parser will be used.
2026-03-29 09:42:33.778 [auth-service] [main] INFO  o.s.s.c.a.a.c.InitializeUserDetailsBeanManagerConfigurer$InitializeUserDetailsManagerConfigurer - Global AuthenticationManager configured with UserDetailsService bean with name customUserDetailsService
2026-03-29 09:42:33.800 [auth-service] [main] WARN  o.s.b.j.a.JpaBaseConfiguration$JpaWebConfiguration - spring.jpa.open-in-view is enabled by default. Therefore, database queries may be performed during view rendering. Explicitly configure spring.jpa.open-in-view to disable this warning
2026-03-29 09:42:34.153 [auth-service] [main] INFO  o.s.b.a.e.web.EndpointLinksResolver - Exposing 1 endpoint beneath base path '/actuator'
2026-03-29 09:42:34.209 [auth-service] [main] INFO  o.s.boot.tomcat.TomcatWebServer - Tomcat started on port 8081 (http) with context path '/'
2026-03-29 09:42:34.215 [auth-service] [main] INFO  c.f.a.AuthServiceApplication - Started AuthServiceApplication in 3.636 seconds (process running for 4.163)
2026-03-29 09:45:17.158 [notification-service] [org.springframework.kafka.KafkaListenerEndpointContainer#1-0-C-1] INFO  o.a.k.c.c.i.ConsumerCoordinator - [Consumer clientId=consumer-notification-group-2, groupId=notification-group] Revoke previously assigned partitions payment-status-0
2026-03-29 09:45:17.158 [notification-service] [org.springframework.kafka.KafkaListenerEndpointContainer#0-0-C-1] INFO  o.a.k.c.c.i.ConsumerCoordinator - [Consumer clientId=consumer-notification-group-1, groupId=notification-group] Revoke previously assigned partitions order-created-0
2026-03-29 09:45:17.216 [notification-service] [org.springframework.kafka.KafkaListenerEndpointContainer#1-0-C-1] INFO  o.s.k.l.KafkaMessageListenerContainer - notification-group: partitions revoked: [payment-status-0]
2026-03-29 09:45:17.216 [notification-service] [org.springframework.kafka.KafkaListenerEndpointContainer#0-0-C-1] INFO  o.s.k.l.KafkaMessageListenerContainer - notification-group: partitions revoked: [order-created-0]
2026-03-29 09:45:17.248 [notification-service] [org.springframework.kafka.KafkaListenerEndpointContainer#1-0-C-1] INFO  o.a.k.c.c.i.ConsumerCoordinator - [Consumer clientId=consumer-notification-group-2, groupId=notification-group] Member consumer-notification-group-2-b92ce2a2-99a6-4da3-b58d-0aae6e6eec92 sending LeaveGroup request to coordinator kafka:29092 (id: 2147483646 rack: null) due to the consumer unsubscribed from all topics
2026-03-29 09:45:17.249 [notification-service] [org.springframework.kafka.KafkaListenerEndpointContainer#0-0-C-1] INFO  o.a.k.c.c.i.ConsumerCoordinator - [Consumer clientId=consumer-notification-group-1, groupId=notification-group] Member consumer-notification-group-1-952fc411-33c8-4d0f-a5a5-b60ff356c045 sending LeaveGroup request to coordinator kafka:29092 (id: 2147483646 rack: null) due to the consumer unsubscribed from all topics
2026-03-29 09:45:17.268 [notification-service] [org.springframework.kafka.KafkaListenerEndpointContainer#0-0-C-1] INFO  o.a.k.c.c.i.ConsumerCoordinator - [Consumer clientId=consumer-notification-group-1, groupId=notification-group] Resetting generation and member id due to: consumer pro-actively leaving the group
2026-03-29 09:45:17.266 [notification-service] [org.springframework.kafka.KafkaListenerEndpointContainer#1-0-C-1] INFO  o.a.k.c.c.i.ConsumerCoordinator - [Consumer clientId=consumer-notification-group-2, groupId=notification-group] Resetting generation and member id due to: consumer pro-actively leaving the group
2026-03-29 09:45:17.277 [notification-service] [org.springframework.kafka.KafkaListenerEndpointContainer#0-0-C-1] INFO  o.a.k.c.c.i.ConsumerCoordinator - [Consumer clientId=consumer-notification-group-1, groupId=notification-group] Request joining group due to: consumer pro-actively leaving the group
2026-03-29 09:45:17.280 [notification-service] [org.springframework.kafka.KafkaListenerEndpointContainer#1-0-C-1] INFO  o.a.k.c.c.i.ConsumerCoordinator - [Consumer clientId=consumer-notification-group-2, groupId=notification-group] Request joining group due to: consumer pro-actively leaving the group
2026-03-29 09:45:17.282 [notification-service] [org.springframework.kafka.KafkaListenerEndpointContainer#0-0-C-1] INFO  o.s.k.c.DefaultKafkaConsumerFactory$ExtendedKafkaConsumer - [Consumer clientId=consumer-notification-group-1, groupId=notification-group] Unsubscribed all topics or patterns and assigned partitions
2026-03-29 09:45:17.285 [notification-service] [org.springframework.kafka.KafkaListenerEndpointContainer#1-0-C-1] INFO  o.s.k.c.DefaultKafkaConsumerFactory$ExtendedKafkaConsumer - [Consumer clientId=consumer-notification-group-2, groupId=notification-group] Unsubscribed all topics or patterns and assigned partitions
2026-03-29 09:45:17.368 [notification-service] [org.springframework.kafka.KafkaListenerEndpointContainer#0-0-C-1] INFO  o.a.k.c.c.i.ConsumerCoordinator - [Consumer clientId=consumer-notification-group-1, groupId=notification-group] Resetting generation and member id due to: consumer pro-actively leaving the group
2026-03-29 09:45:17.368 [notification-service] [org.springframework.kafka.KafkaListenerEndpointContainer#1-0-C-1] INFO  o.a.k.c.c.i.ConsumerCoordinator - [Consumer clientId=consumer-notification-group-2, groupId=notification-group] Resetting generation and member id due to: consumer pro-actively leaving the group
2026-03-29 09:45:17.369 [notification-service] [org.springframework.kafka.KafkaListenerEndpointContainer#0-0-C-1] INFO  o.a.k.c.c.i.ConsumerCoordinator - [Consumer clientId=consumer-notification-group-1, groupId=notification-group] Request joining group due to: consumer pro-actively leaving the group
2026-03-29 09:45:17.370 [notification-service] [org.springframework.kafka.KafkaListenerEndpointContainer#1-0-C-1] INFO  o.a.k.c.c.i.ConsumerCoordinator - [Consumer clientId=consumer-notification-group-2, groupId=notification-group] Request joining group due to: consumer pro-actively leaving the group
2026-03-29 09:45:17.523 [notification-service] [org.springframework.kafka.KafkaListenerEndpointContainer#1-0-C-1] INFO  o.a.kafka.common.metrics.Metrics - Metrics scheduler closed
2026-03-29 09:45:17.526 [notification-service] [org.springframework.kafka.KafkaListenerEndpointContainer#1-0-C-1] INFO  o.a.kafka.common.metrics.Metrics - Closing reporter org.apache.kafka.common.metrics.JmxReporter
2026-03-29 09:45:17.530 [notification-service] [org.springframework.kafka.KafkaListenerEndpointContainer#1-0-C-1] INFO  o.a.kafka.common.metrics.Metrics - Metrics reporters closed
2026-03-29 09:45:19.257 [order-service] [org.springframework.kafka.KafkaListenerEndpointContainer#0-0-C-1] INFO  o.a.k.c.c.i.ConsumerCoordinator - [Consumer clientId=consumer-order-service-group-1, groupId=order-service-group] Revoke previously assigned partitions payment-events-0
2026-03-29 09:45:19.301 [order-service] [org.springframework.kafka.KafkaListenerEndpointContainer#0-0-C-1] INFO  o.s.k.l.KafkaMessageListenerContainer - order-service-group: partitions revoked: [payment-events-0]
2026-03-29 09:45:19.323 [order-service] [org.springframework.kafka.KafkaListenerEndpointContainer#0-0-C-1] INFO  o.a.k.c.c.i.ConsumerCoordinator - [Consumer clientId=consumer-order-service-group-1, groupId=order-service-group] Member consumer-order-service-group-1-aae2e8aa-a0c6-444f-8b8b-9aeddc07e4a7 sending LeaveGroup request to coordinator kafka:29092 (id: 2147483646 rack: null) due to the consumer unsubscribed from all topics
2026-03-29 09:45:19.327 [order-service] [org.springframework.kafka.KafkaListenerEndpointContainer#0-0-C-1] INFO  o.a.k.c.c.i.ConsumerCoordinator - [Consumer clientId=consumer-order-service-group-1, groupId=order-service-group] Resetting generation and member id due to: consumer pro-actively leaving the group
2026-03-29 09:45:19.327 [order-service] [org.springframework.kafka.KafkaListenerEndpointContainer#0-0-C-1] INFO  o.a.k.c.c.i.ConsumerCoordinator - [Consumer clientId=consumer-order-service-group-1, groupId=order-service-group] Request joining group due to: consumer pro-actively leaving the group
2026-03-29 09:45:19.328 [order-service] [org.springframework.kafka.KafkaListenerEndpointContainer#0-0-C-1] INFO  o.s.k.c.DefaultKafkaConsumerFactory$ExtendedKafkaConsumer - [Consumer clientId=consumer-order-service-group-1, groupId=order-service-group] Unsubscribed all topics or patterns and assigned partitions
2026-03-29 09:45:19.376 [order-service] [org.springframework.kafka.KafkaListenerEndpointContainer#0-0-C-1] INFO  o.a.k.c.c.i.ConsumerCoordinator - [Consumer clientId=consumer-order-service-group-1, groupId=order-service-group] Resetting generation and member id due to: consumer pro-actively leaving the group
2026-03-29 09:45:19.378 [order-service] [org.springframework.kafka.KafkaListenerEndpointContainer#0-0-C-1] INFO  o.a.k.c.c.i.ConsumerCoordinator - [Consumer clientId=consumer-order-service-group-1, groupId=order-service-group] Request joining group due to: consumer pro-actively leaving the group
2026-03-29 09:45:19.460 [order-service] [org.springframework.kafka.KafkaListenerEndpointContainer#0-0-C-1] INFO  o.a.kafka.common.metrics.Metrics - Metrics scheduler closed
2026-03-29 09:45:19.460 [order-service] [org.springframework.kafka.KafkaListenerEndpointContainer#0-0-C-1] INFO  o.a.kafka.common.metrics.Metrics - Closing reporter org.apache.kafka.common.metrics.JmxReporter
2026-03-29 09:45:19.460 [order-service] [org.springframework.kafka.KafkaListenerEndpointContainer#0-0-C-1] INFO  o.a.kafka.common.metrics.Metrics - Metrics reporters closed
2026-03-29 09:45:19.503 [order-service] [org.springframework.kafka.KafkaListenerEndpointContainer#0-0-C-1] INFO  o.a.kafka.common.utils.AppInfoParser - App info kafka.consumer for consumer-order-service-group-1 unregistered
2026-03-29 09:45:19.508 [order-service] [org.springframework.kafka.KafkaListenerEndpointContainer#0-0-C-1] INFO  o.s.k.l.KafkaMessageListenerContainer - order-service-group: Consumer stopped
2026-03-29 09:45:19.667 [order-service] [SpringApplicationShutdownHook] INFO  o.s.o.j.LocalContainerEntityManagerFactoryBean - Closing JPA EntityManagerFactory for persistence unit 'default'
2026-03-29 09:45:20.802 [payment-service] [org.springframework.kafka.KafkaListenerEndpointContainer#0-0-C-1] INFO  o.a.k.c.c.i.ConsumerCoordinator - [Consumer clientId=consumer-payment-service-1, groupId=payment-service] Revoke previously assigned partitions order.created-0
2026-03-29 09:45:20.835 [payment-service] [org.springframework.kafka.KafkaListenerEndpointContainer#0-0-C-1] INFO  o.s.k.l.KafkaMessageListenerContainer - payment-service: partitions revoked: [order.created-0]
2026-03-29 09:45:20.852 [payment-service] [org.springframework.kafka.KafkaListenerEndpointContainer#0-0-C-1] INFO  o.a.k.c.c.i.ConsumerCoordinator - [Consumer clientId=consumer-payment-service-1, groupId=payment-service] Member consumer-payment-service-1-be50d4d3-9b42-4307-91e3-0c4b7704a91f sending LeaveGroup request to coordinator kafka:29092 (id: 2147483646 rack: null) due to the consumer unsubscribed from all topics
2026-03-29 09:45:20.883 [payment-service] [org.springframework.kafka.KafkaListenerEndpointContainer#0-0-C-1] INFO  o.a.k.c.c.i.ConsumerCoordinator - [Consumer clientId=consumer-payment-service-1, groupId=payment-service] Resetting generation and member id due to: consumer pro-actively leaving the group
2026-03-29 09:45:20.889 [payment-service] [org.springframework.kafka.KafkaListenerEndpointContainer#0-0-C-1] INFO  o.a.k.c.c.i.ConsumerCoordinator - [Consumer clientId=consumer-payment-service-1, groupId=payment-service] Request joining group due to: consumer pro-actively leaving the group
2026-03-29 09:45:20.894 [payment-service] [org.springframework.kafka.KafkaListenerEndpointContainer#0-0-C-1] INFO  o.s.k.c.DefaultKafkaConsumerFactory$ExtendedKafkaConsumer - [Consumer clientId=consumer-payment-service-1, groupId=payment-service] Unsubscribed all topics or patterns and assigned partitions
2026-03-29 09:45:20.967 [payment-service] [org.springframework.kafka.KafkaListenerEndpointContainer#0-0-C-1] INFO  o.a.k.c.c.i.ConsumerCoordinator - [Consumer clientId=consumer-payment-service-1, groupId=payment-service] Resetting generation and member id due to: consumer pro-actively leaving the group
2026-03-29 09:45:20.969 [payment-service] [org.springframework.kafka.KafkaListenerEndpointContainer#0-0-C-1] INFO  o.a.k.c.c.i.ConsumerCoordinator - [Consumer clientId=consumer-payment-service-1, groupId=payment-service] Request joining group due to: consumer pro-actively leaving the group
2026-03-29 09:45:21.002 [payment-service] [org.springframework.kafka.KafkaListenerEndpointContainer#0-0-C-1] INFO  o.a.kafka.common.metrics.Metrics - Metrics scheduler closed
2026-03-29 09:45:21.003 [payment-service] [org.springframework.kafka.KafkaListenerEndpointContainer#0-0-C-1] INFO  o.a.kafka.common.metrics.Metrics - Closing reporter org.apache.kafka.common.metrics.JmxReporter
2026-03-29 09:45:21.004 [payment-service] [org.springframework.kafka.KafkaListenerEndpointContainer#0-0-C-1] INFO  o.a.kafka.common.metrics.Metrics - Metrics reporters closed
2026-03-29 09:45:21.029 [payment-service] [org.springframework.kafka.KafkaListenerEndpointContainer#0-0-C-1] INFO  o.a.kafka.common.utils.AppInfoParser - App info kafka.consumer for consumer-payment-service-1 unregistered
2026-03-29 09:45:21.036 [payment-service] [org.springframework.kafka.KafkaListenerEndpointContainer#0-0-C-1] INFO  o.s.k.l.KafkaMessageListenerContainer - payment-service: Consumer stopped
2026-03-29 09:45:21.121 [payment-service] [SpringApplicationShutdownHook] INFO  o.s.o.j.LocalContainerEntityManagerFactoryBean - Closing JPA EntityManagerFactory for persistence unit 'default'
2026-03-29 09:45:21.276 [payment-service] [SpringApplicationShutdownHook] INFO  com.zaxxer.hikari.HikariDataSource - HikariPool-1 - Shutdown initiated...
2026-03-29 09:45:21.656 [payment-service] [SpringApplicationShutdownHook] INFO  com.zaxxer.hikari.HikariDataSource - HikariPool-1 - Shutdown completed.
